Former,Current,Type
Abronia umbellata subsp. umbellata,Abronia umbellata var. umbellata
Acacia armata,Acacia paradoxa
Acacia decurrens var. dealbata,Acacia dealbata
Acaena pinnatifida var. californica,Acaena californica,INAT
Acanthogonum polygonoides var. polygonoides,Chorizanthe polygonoides var. polygonoides
Acanthogonum polygonoides,Chorizanthe polygonoides var. polygonoides
Acer negundo var. arizonicum,Acer negundo
Acer negundo var. californicum,Acer negundo
Acer negundo var. interius,Acer negundo
Achillea borealis subsp. arenicola,Achillea millefolium
Achillea borealis subsp. californica,Achillea millefolium
Achillea lanulosa subsp. alpicola,Achillea millefolium
Achillea lanulosa var. lanulosa,Achillea millefolium
Achillea millefolium subsp. lanulosa,Achillea millefolium
Achillea millefolium var. alpicola,Achillea millefolium
Achillea millefolium var. arenicola,Achillea millefolium
Achillea millefolium var. borealis,Achillea millefolium
Achillea millefolium var. californica,Achillea millefolium
Achillea millefolium var. gigantea,Achillea millefolium
Achillea millefolium var. littoralis,Achillea millefolium
Achillea millefolium var. pacifica,Achillea millefolium
Achillea millefolium var. puberula,Achillea millefolium
Achnatherum lemmonii subsp. lemmonii,Stipa lemmonii var. lemmonii
Acmispon strigosus var. hirtellus,Acmispon strigosus
Acroptilon repens,Rhaponticum repens
Actaea rubra subsp. arguta,Actaea rubra
Adelinia grande,Adelinia grandis,INAT
Adiantum boreale,Adiantum aleuticum
Adiantum pedatum subsp. calderi,Adiantum aleuticum
Adiantum pedatum var. aleuticum,Adiantum aleuticum
Adiantum pedatum var. subpumilum,Adiantum aleuticum
Aegochloa cotulifolia,Navarretia cotulifolia
Agoseris cinerea,Agoseris grandiflora var. grandiflora
Agoseris intermedia,Agoseris grandiflora var. grandiflora
Agoseris marshallii,Agoseris grandiflora var. grandiflora
Agoseris obtusifolia,Agoseris grandiflora var. grandiflora
Agoseris plebeia,Agoseris grandiflora var. grandiflora
Agropyron intermedium,Elymus hispidus
Agropyron parishii,Elymus stebbinsii
Agropyron trachycaulum,Elymus trachycaulus subsp. trachycaulus
Agropyron trichophorum,Elymus hispidus
Agrostis alba var. palustris,Agrostis stolonifera
Agrostis ampla,Agrostis exarata
Agrostis aristiglumis,Agrostis microphylla
Agrostis diegoensis,Agrostis pallens
Agrostis exarata var. monolepis,Agrostis exarata
Agrostis filiformis,Agrostis avenacea
Agrostis lepida,Agrostis pallens
Agrostis longiligula var. australis,Agrostis exarata
Agrostis microphylla var. intermedia,Agrostis microphylla
Agrostis semiverticillata,Polypogon viridis
Agrostis tenuis,Agrostis capillaris
Agrostis viridis,Polypogon viridis
Aira caryophyllea var. capillaris,Aira elegans
Aira elegantissima,Aira elegans
Aira pulchella,Aira elegans
Alchemilla arvensis,Aphanes occidentalis,INAT
Alchemilla occidentalis,Aphanes occidentalis
Allium acuminatum var. gracile,Allium amplectens
Allium attenuifolium var. monospermum,Allium amplectens
Allium attenuifolium,Allium amplectens
Allium bolanderi var. stenanthum,Allium bolanderi var. bolanderi
Allium breweri,Allium falcifolium
Allium falcifolium var. breweri,Allium falcifolium
Allium fimbriatum var. sharsmithiae,Allium sharsmithiae
Allium lacteum,Triteleia hyacinthina
Allium monospermum,Allium amplectens
Allium occidentale,Allium amplectens
Allium serratum,Allium amplectens
Allium stenanthum,Allium bolanderi var. bolanderi
Allium tilingii,Triteleia hyacinthina
Allophyllum violaceum,Allophyllum gilioides subsp. violaceum
Alnus oregona,Alnus rubra
Alopecurus californicus,Alopecurus saccatus
Alopecurus howellii,Alopecurus saccatus
Amaranthus bouchonii,Amaranthus powellii
Amaranthus powellii subsp. bouchonii,Amaranthus powellii
Ambrosia chamissonis var. bipinnatisecta,Ambrosia chamissonis
Ambrosia psilostachya var. californica,Ambrosia psilostachya
Amerosedum radiatum,Sedum radiatum
Ammannia coccinea subsp. purpurea,Ammannia coccinea
Amsinckia gloriosa,Amsinckia tessellata var. gloriosa
Amsinckia intermedia var. eastwoodiae,Amsinckia eastwoodiae
Amsinckia intermedia var. echinata,Amsinckia intermedia
Amsinckia menziesii var. intermedia,Amsinckia intermedia,INAT
Amsinckia menziesii var. menziesii,Amsinckia menziesii
Amsinckia micrantha,Amsinckia menziesii
Amsinckia straminea,Amsinckia lycopsoides
Amsinckia tessellata var. elegans,Amsinckia tessellata var. tessellata
Amsinckia vernicosa var. vernicosa,Amsinckia vernicosa
Anacharis canadensis,Elodea canadensis
Anacharis nuttallii,Elodea nuttallii
Anagallis arvensis subsp. arvensis,Lysimachia arvensis
Anagallis arvensis var. caerulea,Lysimachia arvensis
Anagallis arvensis,Lysimachia arvensis
Anagallis caerulea,Lysimachia arvensis
Anagallis linifolia,Lysimachia monelli
Anagallis minima,Lysimachia minima
Anagallis monelli,Lysimachia monelli
Androsace acuta,Androsace elongata subsp. acuta
Androsace occidentalis var. acuta,Androsace elongata subsp. acuta
Anemopsis californica var. subglabra,Anemopsis californica
Angelica tomentosa var. californica,Angelica californica
Anthemis foetida,Anthemis cotula
Anthriscus scandicina,Anthriscus caucalis
Apium leptophyllum,Cyclospermum leptophyllum
Apocynum ×floribundum,Apocynum androsaemifolium
Apocynum androsaemifolium var. glabrum,Apocynum androsaemifolium
Apocynum androsaemifolium var. nevadense,Apocynum androsaemifolium
Apocynum cannabinum var. glaberrimum,Apocynum cannabinum
Apocynum diversifolium,Apocynum androsaemifolium
Apocynum medium var. floribundum,Apocynum androsaemifolium
Apocynum oblongum,Apocynum cannabinum
Apocynum palustre,Apocynum cannabinum
Apocynum pumilum var. rhomboideum,Apocynum androsaemifolium
Apocynum pumilum,Apocynum androsaemifolium
Apocynum rhomboideum,Apocynum androsaemifolium
Apocynum sibiricum var. salignum,Apocynum cannabinum
Apocynum viarum,Apocynum androsaemifolium
Aquilegia fontinalis,Aquilegia eximia
Aquilegia formosa f. anomala,Aquilegia formosa
Aquilegia formosa var. hypolasia,Aquilegia formosa
Aquilegia formosa var. pauciflora,Aquilegia formosa
Aquilegia formosa var. truncata,Aquilegia formosa
Aquilegia tracyi,Aquilegia eximia
Arabis breweri var. breweri,Boechera breweri subsp. breweri
Arabis glabra var. furcatipilis,Turritis glabra
Arabis glabra,Turritis glabra
Arceuthobium abietinum,Arceuthobium campylopodum
Arceuthobium californicum,Arceuthobium campylopodum
Arceuthobium cyanocarpum,Arceuthobium campylopodum
Arceuthobium divaricatum,Arceuthobium campylopodum
Arceuthobium littorum,Arceuthobium campylopodum
Arceuthobium monticola,Arceuthobium campylopodum
Arceuthobium occidentale,Arceuthobium campylopodum
Arceuthobium siskiyouense,Arceuthobium campylopodum
Arceuthobium tsugense subsp. contortae,Arceuthobium campylopodum
Arceuthobium tsugense subsp. mertensianae,Arceuthobium campylopodum
Arceuthobium tsugense subsp. tsugense,Arceuthobium campylopodum
Arceuthobium tsugense,Arceuthobium campylopodum
Arctostaphylos andersonii var. auriculata,Arctostaphylos auriculata
Arctostaphylos andersonii var. pallida,Arctostaphylos pallida
Arctostaphylos bowermaniae,Arctostaphylos manzanita subsp. manzanita
Arctostaphylos glandulosa subsp. zacaensis,Arctostaphylos glandulosa subsp. glandulosa
Arctostaphylos glandulosa var. australis,Arctostaphylos glandulosa subsp. glandulosa
Arctostaphylos glauca var. eremicola,Arctostaphylos glauca
Arctostaphylos glauca var. puberula,Arctostaphylos glauca
Arctostaphylos laevigata,Arctostaphylos manzanita subsp. laevigata
Arctostaphylos pungens subsp. laevigata,Arctostaphylos manzanita subsp. laevigata
Arctostaphylos rosei,Arctostaphylos crustacea subsp. rosei
Arctostaphylos tomentosa subsp. crustacea,Arctostaphylos crustacea subsp. crustacea
Arctostaphylos tomentosa subsp. rosei,Arctostaphylos crustacea subsp. rosei
Arctostaphylos zacaensis,Arctostaphylos glandulosa subsp. glandulosa
Arenaria californica,Sabulina californica
Arenaria douglasii var. emarginata,Sabulina douglasii
Arenaria douglasii,Sabulina douglasii
Arenaria macrophylla,Moehringia macrophylla
Arenaria pusilla var. diffusa,Sabulina californica
Arenaria pusilla,Sabulina pusilla
Argemone munita subsp. argentea,Argemone munita
Argemone munita subsp. robusta,Argemone munita
Argemone munita subsp. rotundata,Argemone munita
Argentina pacifica,Potentilla anserina subsp. pacifica,INAT
Arnica discoidea var. alata,Arnica discoidea
Arnica discoidea var. eradiata,Arnica discoidea
Artemisia biennis var. biennis,Artemisia biennis
Arthroceras subterminale,Arthrocnemum subterminale,INAT
Asclepias californica subsp. californica,Asclepias californica
Asclepias californica subsp. greenei,Asclepias californica
Asclepias giffordii,Asclepias speciosa
Asparagus officinalis,Asparagus officinalis subsp. officinalis,INAT
Aster chilensis var. lentus,Symphyotrichum lentum
Aster chilensis var. medius,Symphyotrichum chilense
Aster chilensis var. sonomensis,Symphyotrichum lentum
Aster chilensis,Symphyotrichum chilense
Aster hesperius,Symphyotrichum lanceolatum var. hesperium
Aster lanceolatus subsp. hesperius,Symphyotrichum lanceolatum var. hesperium
Aster lentus var. sonomensis,Symphyotrichum lentum
Aster lentus,Symphyotrichum lentum
Aster occidentalis,Symphyotrichum spathulatum
Aster radulinus,Eurybia radulina
Aster spathulatus,Symphyotrichum spathulatum
Aster subulatus var. cubensis,Symphyotrichum subulatum var. parviflorum
Astragalus didymocarpus var. daleoides,Astragalus didymocarpus var. didymocarpus
Athyrium filix-femina var. californicum,Athyrium filix-femina var. cyclosorum
Athyrium filix-femina var. sitchense,Athyrium filix-femina var. cyclosorum
Atriplex argentea subsp. expansa,Atriplex argentea var. expansa
Atriplex argentea var. mohavensis,Atriplex argentea var. expansa
Atriplex californica,Extriplex californica
Atriplex coronata var. verna,Atriplex coronata var. coronata
Atriplex expansa,Atriplex argentea var. expansa
Atriplex flagellaris,Atriplex semibaccata
Atriplex hastata subsp. patula,Atriplex patula
Atriplex hastata var. patula,Atriplex patula
Atriplex joaquinana,Extriplex joaquinana
Atriplex parishii var. depressa,Atriplex depressa
Atriplex parishii var. minuscula,Atriplex minuscula
Atriplex patula subsp. spicata,Extriplex joaquinana
Atriplex patula var. subspicata,Atriplex dioica
Atriplex spicata var. lagunita,Extriplex joaquinana
Atriplex subspicata,Atriplex dioica
Atriplex triangularis,Atriplex prostrata
Atriplex trinervata,Atriplex argentea var. expansa
Atriplex verna,Atriplex coronata var. coronata
Baccharis douglasii,Baccharis glutinosa
Baccharis pilularis var. consanguinea,Baccharis pilularis subsp. consanguinea
Baccharis sarothroides var. pluricephala,Lepidospartum squamatum
Balsamorhiza macrolepis var. macrolepis,Balsamorhiza macrolepis
Barbarea orthoceras var. dolichocarpa,Barbarea orthoceras
Berberis aquifolium,Berberis aquifolium var. aquifolium,INAT
Berberis californica,Berberis aquifolium var. dictyota
Berberis dictyota,Berberis aquifolium var. dictyota,INAT
Berberis piperiana,Berberis aquifolium var. aquifolium
Blepharizonia plumosa subsp. plumosa,Blepharizonia plumosa
Blepharizonia plumosa subsp. viscida,Blepharizonia laxa
Blitum californicum,Chenopodium californicum,INAT
Blitum nuttallianum,Monolepis nuttalliana,INAT
Bloomeria maritima var. serotina,Muilla maritima
Bloomeria maritima,Muilla maritima
Boisduvalia cleistogama,Epilobium cleistogamum
Boisduvalia densiflora var. pallescens,Epilobium densiflorum
Boisduvalia densiflora var. salicina,Epilobium densiflorum
Boisduvalia densiflora,Epilobium densiflorum
Boisduvalia glabella var. campestris,Epilobium campestre
Boisduvalia glabella,Epilobium campestre
Boisduvalia stricta,Epilobium torreyi
Boisduvalia torreyi,Epilobium torreyi
Boschniakia strobilacea,Kopsiopsis strobilacea
Brassica campestris,Brassica rapa
Brassica geniculata,Hirschfeldia incana
Brassica kaber,Sinapis arvensis
Brickellia californica var. tenera,Brickellia californica
Brickellia tenera,Brickellia californica
Brickellia wrightii var. tenera,Brickellia californica
Brodiaea candida,Triteleia laxa
Brodiaea congesta,Dichelostemma congestum
Brodiaea coronaria var. macropoda,Brodiaea terrestris subsp. terrestris
Brodiaea coronaria var. mundula,Brodiaea elegans subsp. elegans
Brodiaea dissimulata,Triteleia hyacinthina
Brodiaea elegans var. mundula,Brodiaea elegans subsp. elegans
Brodiaea grandiflora var. brachypoda,Dichelostemma multiflorum
Brodiaea grandiflora var. macropoda,Brodiaea terrestris subsp. terrestris
Brodiaea hyacinthina var. lactea,Triteleia hyacinthina
Brodiaea hyacinthina var. lilacina,Triteleia hyacinthina
Brodiaea hyacinthina,Triteleia hyacinthina
Brodiaea lactea var. lilacina,Triteleia hyacinthina
Brodiaea lactea,Triteleia hyacinthina
Brodiaea laxa var. candida,Triteleia laxa
Brodiaea laxa var. tracyi,Triteleia laxa
Brodiaea laxa,Triteleia laxa
Brodiaea multiflora,Dichelostemma multiflorum
Brodiaea parviflora,Dichelostemma multiflorum
Brodiaea peduncularis,Triteleia peduncularis
Brodiaea pulchella,Dipterostemon capitatus
Brodiaea torreyi,Brodiaea terrestris subsp. terrestris
Brodiaea volubilis,Dichelostemma volubile
Bromus breviaristatus,Bromus sitchensis var. marginatus
Bromus carinatus var. marginatus,Bromus sitchensis var. marginatus
Bromus carinatus var. maritimus,Bromus sitchensis var. maritimus
Bromus carinatus,Bromus sitchensis var. carinatus,INAT
Bromus cebadilla,Bromus catharticus var. elatus
Bromus diandrus var. rigidus,Bromus diandrus
Bromus hordeaceus subsp. divaricatus,Bromus hordeaceus
Bromus hordeaceus subsp. molliformis,Bromus hordeaceus
Bromus hordeaceus subsp. thominei,Bromus hordeaceus
Bromus luzonensis,Bromus sitchensis var. marginatus
Bromus madritensis subsp. rubens,Bromus rubens
Bromus marginatus subsp. maritimus,Bromus sitchensis var. maritimus
Bromus marginatus,Bromus sitchensis var. marginatus,INAT
Bromus maritimus,Bromus sitchensis var. maritimus,INAT
Bromus molliformis,Bromus hordeaceus
Bromus mollis,Bromus hordeaceus
Bromus rigidus,Bromus diandrus
Bromus stamineus,Bromus catharticus var. elatus
Bromus subvelutinus,Bromus sitchensis var. marginatus
Bromus tectorum var. glabratus,Bromus tectorum
Bromus trinii var. trinii,Bromus berteroanus
Bulbostylis californica,Brickellia californica
Cakile edentula subsp. californica,Cakile edentula
Calandrinia menziesii var. macrocarpa,Calandrinia breweri
Calibrachoa parviflora,Petunia parviflora,INAT
Callitriche heterophylla subsp. bolanderi,Callitriche heterophylla var. bolanderi
Callitropsis macrocarpa,Hesperocyparis macrocarpa
Callitropsis sargentii,Hesperocyparis sargentii
Calochortus clavatus subsp. pallidus,Calochortus clavatus var. pallidus
Calochortus davidsonianus,Calochortus splendens
Calochortus venustus var. purpurescens,Calochortus venustus
Calycadenia hispida subsp. reducta,Calycadenia multiglandulosa
Calycadenia hispida,Calycadenia multiglandulosa
Calycadenia multiglandulosa subsp. bicolor,Calycadenia multiglandulosa
Calycadenia multiglandulosa subsp. cephalotes,Calycadenia multiglandulosa
Calycadenia multiglandulosa subsp. robusta,Calycadenia multiglandulosa
Calycadenia truncata subsp. scabrella,Calycadenia truncata
Camissonia boothii subsp. decorticans,Eremothera boothii subsp. decorticans
Camissonia graciliflora,Tetrapteron graciliflorum
Camissonia hirtella,Camissoniopsis hirtella
Camissonia intermedia,Camissoniopsis intermedia
Camissonia micrantha,Camissoniopsis micrantha
Camissonia ovata,Taraxia ovata
Campanula angustiflora var. exilis,Campanula griffinii
Cardamine californica var. californica,Cardamine californica
Cardamine californica var. cardiophylla,Cardamine californica
Cardamine californica var. cuneata,Cardamine californica
Cardamine californica var. integrifolia,Cardamine californica
Cardamine californica var. sinuata,Cardamine californica
Cardamine pachystigma var. dissectifolia,Cardamine californica
Cardaria chalepensis,Lepidium chalepense
Cardaria draba subsp. chalepensis,Lepidium chalepense
Cardaria draba,Lepidium draba
Cardaria pubescens var. elongata,Lepidium appelianum
Cardaria pubescens,Lepidium appelianum
Carex breviligulata,Carex densa
Carex deweyana subsp. leptopoda,Carex leptopoda
Carex dudleyi,Carex densa
Carex epapillosa,Carex heteroneura
Carex heteroneura var. epapillosa,Carex heteroneura
Carex heteroneura var. heteroneura,Carex heteroneura
Carex macloviana subsp. pachystachya,Carex pachystachya
Carex montereyensis,Carex harfordii
Carex olympica,Carex pachystachya
Carex ovalis,Carex leporina
Carex pachystachya var. gracilis,Carex pachystachya
Carex sitchensis,Carex aquatilis var. dives
Carex tracyi,Carex leporina
Carex vicaria,Carex densa
Castanopsis chrysophylla var. minor,Chrysolepis chrysophylla var. minor
Castilleja franciscana,Castilleja subinclusa subsp. franciscana
Castilleja jepsonii,Castilleja subinclusa subsp. subinclusa
Castilleja martini var. martini,Castilleja applegatei subsp. martinii,INAT
Castilleja martinii var. clokeyi,Castilleja applegatei subsp. martinii
Castilleja martinii,Castilleja applegatei subsp. martinii
Castilleja roseana,Castilleja applegatei subsp. martinii
Catapodium rigidum,Desmazeria rigida,INAT
Caucalis microcarpa,Yabea microcarpa
Caulanthus coulteri var. lemmonii,Caulanthus lemmonii
Caulanthus lasiophyllus var. inalienus,Caulanthus lasiophyllus
Caulanthus lasiophyllus var. rigidus,Caulanthus lasiophyllus
Caulanthus lasiophyllus var. utahensis,Caulanthus lasiophyllus
Ceanothus cuneatus var. dubius,Ceanothus cuneatus var. cuneatus
Ceanothus cuneatus var. submontanus,Ceanothus cuneatus var. cuneatus
Ceanothus divaricatus var. laetiflorus,Ceanothus leucodermis
Ceanothus sorediatus,Ceanothus oliganthus var. sorediatus
Cenchrus clandestinus,Pennisetum clandestinum,INAT
Cenchrus longisetus,Pennisetum villosum,INAT
Cenchrus setaceus,Pennisetum setaceum,INAT
Centaurea repens,Rhaponticum repens
Centaurium curvistamineum,Zeltnera muehlenbergii
Centaurium davyi,Zeltnera davyi
Centaurium exaltatum var. davyi,Zeltnera davyi
Centaurium floribundum,Zeltnera muehlenbergii
Centaurium muehlenbergii,Zeltnera muehlenbergii
Centaurium trichanthum,Zeltnera trichantha
Centromadia pungens subsp. maritima,Centromadia pungens subsp. pungens
Centromadia pungens subsp. septentrionalis,Centromadia pungens subsp. pungens
Centunculus minimus,Lysimachia minima
Cephalophora decurrens,Helenium puberulum
Cerastium fontanum subsp. triviale,Cerastium fontanum subsp. vulgare
Cerastium holosteoides,Cerastium fontanum subsp. vulgare,INAT
Ceratophyllum apiculatum,Ceratophyllum demersum
Chaenactis tanacetifolia,Chaenactis glabriuscula var. heterocarpha
Chaetopappa alsinoides,Pentachaeta alsinoides
Chamaemelum cotula,Anthemis cotula
Chamaemelum foetidum,Anthemis cotula
Chamaesyce maculata,Euphorbia maculata
Chamaesyce ocellata subsp. ocellata,Euphorbia ocellata subsp. ocellata
Chamaesyce serpens,Euphorbia serpens
Chamaesyce serpyllifolia subsp. serpyllifolia,Euphorbia serpillifolia subsp. serpillifolia
Chamomilla occidentalis,Matricaria occidentalis
Chamomilla suaveolens,Matricaria discoidea
Cheilanthes carlotta-halliae,Aspidotis carlotta-halliae
Cheilanthes covillei,Myriopteris covillei
Cheilanthes gracillima,Myriopteris gracillima
Cheilanthes intertexta,Myriopteris intertexta
Chenopodiastrum murale,Chenopodium murale,INAT
Chenopodium ambrosioides var. suffruticosum,Dysphania ambrosioides
Chenopodium ambrosioides,Dysphania ambrosioides
Chenopodium botrys,Dysphania botrys
Chenopodium macrospermum var. farinosum,Chenopodium macrospermum
Chenopodium macrospermum var. halophilum,Chenopodium macrospermum
Chenopodium multifidum,Dysphania multifida
Chenopodium subspicatum,Atriplex dioica
Chorizanthe coriacea,Lastarriaea coriacea
Chorizanthe cuspidata var. marginata,Chorizanthe cuspidata var. cuspidata
Chorizanthe lastarriaea var. californica,Lastarriaea coriacea
Chorizanthe pungens var. cuspidata,Chorizanthe cuspidata var. cuspidata
Chorizanthe pungens var. robusta,Chorizanthe robusta var. robusta
Chrysanthemum foeniculaceum,Argyranthemum foeniculaceum
Chrysanthemum parthenium,Tanacetum parthenium
Chrysanthemum segetum,Glebionis segetum
Chrysothamnus nauseosus subsp. mohavensis,Ericameria nauseosa var. mohavensis
Cicuta bolanderi,Cicuta maculata var. bolanderi
Cirsium amblylepis,Cirsium remotifolium var. odontolepis
Cirsium callilepis var. pseudocarlinoides,Cirsium remotifolium var. odontolepis
Cirsium callilepis,Cirsium remotifolium var. odontolepis
Cirsium mendocinum,Cirsium andrewsii
Cirsium quercetorum var. walkerianum,Cirsium quercetorum
Cirsium quercetorum var. xerolepis,Cirsium quercetorum
Cirsium walkerianum,Cirsium quercetorum
Citrullus amarus,Citrullus lanatus var. citroides,INAT
Clarkia rubicunda subsp. blasdalei,Clarkia rubicunda
Coleogeton pectinatus,Stuckenia pectinata
Coleogeton striatus,Stuckenia striata
Coleosanthus californicus,Brickellia californica
Coleosanthus tener,Brickellia californica
Collinsia parviflora var. collina,Collinsia sparsiflora var. collina
Convolvulus fruticetorum,Calystegia occidentalis subsp. occidentalis
Convolvulus limnophilus,Calystegia sepium subsp. limnophila
Convolvulus malacophyllus subsp. pedicellatus,Calystegia malacophylla subsp. pedicellata
Convolvulus occidentalis var. purpuratus,Calystegia purpurata subsp. purpurata
Convolvulus occidentalis var. saxicola,Calystegia purpurata subsp. saxicola
Convolvulus occidentalis var. solanensis,Calystegia purpurata subsp. purpurata
Convolvulus polymorphus,Calystegia occidentalis subsp. occidentalis
Convolvulus sepium var. repens,Calystegia sepium subsp. limnophila
Convolvulus soldanella,Calystegia soldanella
Convolvulus subacaulis var. dolosus,Calystegia subacaulis subsp. subacaulis
Convolvulus subacaulis,Calystegia subacaulis subsp. subacaulis
Conyza bonariensis,Erigeron bonariensis
Conyza canadensis var. canadensis,Erigeron canadensis
Conyza canadensis,Erigeron canadensis
Conyza coulteri,Laennecia coulteri
Conyza floribunda,Erigeron sumatrensis
Conyza sumatrensis,Erigeron sumatrensis
Corallorhiza striata var. striata,Corallorhiza striata
Corallorhiza striata var. vreelandii,Corallorhiza striata
Cordylanthus ferrisianus,Cordylanthus rigidus subsp. rigidus
Cordylanthus hispidus,Chloropyron molle subsp. hispidum
Cordylanthus littoralis subsp. platycephalus,Cordylanthus rigidus subsp. rigidus
Cordylanthus maritimus subsp. palustris,Chloropyron maritimum subsp. palustre
Cordylanthus mollis subsp. hispidus,Chloropyron molle subsp. hispidum
Cordylanthus mollis subsp. mollis,Chloropyron molle subsp. molle
Cordylanthus palmatus,Chloropyron palmatum
Cordylanthus pilosus subsp. diffusus,Cordylanthus pilosus subsp. pilosus
Cordylanthus rigidus var. compactus,Cordylanthus rigidus subsp. rigidus
Cordylanthus rigidus var. ferrisianus,Cordylanthus rigidus subsp. rigidus
Coreopsis calliopsidea,Leptosyne calliopsidea
Coreopsis hamiltonii,Leptosyne hamiltonii
Coreopsis stillmanii,Leptosyne stillmanii
Cornus ×californica,Cornus sericea subsp. sericea
Cornus californica var. nevadensis,Cornus sericea subsp. sericea
Cornus californica,Cornus sericea subsp. sericea
Cornus occidentalis,Cornus sericea subsp. occidentalis
Cornus stolonifera,Cornus sericea subsp. sericea
Coronopus didymus,Lepidium didymum
Coronopus squamatus,Lepidium coronopus
Corylus californica,Corylus cornuta subsp. californica
Corylus cornuta var. californica,Corylus cornuta subsp. californica
Corylus rostrata var. tracyi,Corylus cornuta subsp. californica
Cotoneaster coriaceus,Cotoneaster lacteus,INAT
Cotyledon caespitosa var. paniculata,Dudleya cymosa subsp. paniculata
Crassula connata var. connata,Crassula connata
Crassula connata var. erectoides,Crassula connata
Crassula connata var. eremica,Crassula connata
Crassula connata var. subsimplex,Crassula connata
Crassula erecta,Crassula connata
Crassula saginoides,Crassula aquatica
Crepis geisseana,Malacothrix clevelandii
Cressa truxillensis var. vallicola,Cressa truxillensis
Croton californicus var. mohavensis,Croton californicus
Croton californicus var. tenuis,Croton californicus
Crypsis niliaca,Crypsis vaginiflora
Cryptantha intermedia var. rigida,Cryptantha juniperensis
Cryptantha nevadensis var. rigida,Cryptantha juniperensis
Cryptantha torreyana,Cryptantha torreyana var. pumila,INAT
Cupressus macrocarpa subsp. lobosensis,Hesperocyparis macrocarpa
Cupressus macrocarpa,Hesperocyparis macrocarpa,INAT
Cupressus sargentii var. duttonii,Hesperocyparis sargentii
Cupressus sargentii,Hesperocyparis sargentii,INAT
Cuscuta californica var. breviflora,Cuscuta occidentalis
Cuscuta formosana,Cuscuta japonica var. formosana
Cuscuta hispidula,Cuscuta indecora var. indecora
Cuscuta indecora var. bifida,Cuscuta indecora var. indecora
Cuscuta indecora var. neuropetala,Cuscuta indecora var. indecora
Cuscuta neuropetala,Cuscuta indecora var. indecora
Cuscuta pentagona var. calycina,Cuscuta campestris
Cuscuta salina var. major,Cuscuta pacifica var. pacifica
Cuscuta subinclusa var. abbreviata,Cuscuta pacifica var. pacifica
Cynoglossum grande,Adelinia grandis
Cyperus alternifolius subsp. flabelliformis,Cyperus involucratus,INAT
Cyperus diandrus var. castaneus,Cyperus niger
Cyperus ferax,Cyperus odoratus
Cyperus hansenii,Cyperus strigosus
Cyperus niger var. capitatus,Cyperus niger
Cyperus niger var. castaneus,Cyperus niger
Cytisus monspessulanus,Genista monspessulana
Cytisus scoparius var. andreanus,Cytisus scoparius
Cytisus scoparius var. scoparius,Cytisus scoparius
Danthonia californica var. americana,Danthonia californica
Danthonia californica var. californica,Danthonia californica
Danthonia racemosa,Rytidosperma racemosum
Datura meteloides,Datura wrightii
Datura stramonium var. tatula,Datura stramonium
Deinandra corymbosa subsp. macrocephala,Deinandra corymbosa
Delphinium ajacis,Consolida ajacis,INAT
Delphinium californicum var. interius,Delphinium californicum subsp. interius
Delphinium decorum var. patens,Delphinium patens subsp. patens
Delphinium emiliae,Delphinium variegatum subsp. variegatum
Delphinium gypsophilum subsp. gypsophilum,Delphinium gypsophilum
Delphinium gypsophilum subsp. parviflorum,Delphinium gypsophilum
Delphinium hansenii subsp. arcuatum,Delphinium hansenii subsp. hansenii
Delphinium hansenii var. arcuatum,Delphinium hansenii subsp. hansenii
Delphinium hesperium f. pallescens,Delphinium hesperium subsp. pallescens
Delphinium hesperium var. hansenii,Delphinium hansenii subsp. hansenii
Delphinium hesperium var. seditiosum,Delphinium parryi subsp. parryi
Delphinium parryi subsp. seditiosum,Delphinium parryi subsp. parryi
Delphinium variegatum subsp. apiculatum,Delphinium variegatum subsp. variegatum
Delphinium variegatum var. apiculatum,Delphinium variegatum subsp. variegatum
Demidovia tetragonoides,Tetragonia tetragonoides
Dendromecon herbacea,Dendromecon rigida
Dentaria californica var. cardiophylla,Cardamine californica
Dentaria californica var. cuneata,Cardamine californica
Dentaria californica var. integrifolia,Cardamine californica
Dentaria californica var. sinuata,Cardamine californica
Dentaria californica,Cardamine californica
Dentaria pachystigma var. dissectifolia,Cardamine californica
Deschampsia holciformis,Deschampsia cespitosa subsp. holciformis
Dicentra chrysantha,Ehrendorferia chrysantha
Dichanthelium acuminatum,Panicum acuminatum,INAT
Dichelostemma californicum,Dichelostemma volubile
Dichelostemma capitatum,Dipterostemon capitatus
Dichelostemma parviflorum,Dichelostemma multiflorum
Dichelostemma pulchellum,Dipterostemon capitatus
Diplachne fusca subsp. fascicularis,Leptochloa fusca subsp. fascicularis,INAT
Diplachne fusca subsp. uninervia,Leptochloa fusca subsp. uninervia,INAT
Disporum hookeri var. trachyandrum,Prosartes hookeri
Disporum hookeri,Prosartes hookeri
Distichlis spicata var. divaricata,Distichlis spicata
Distichlis spicata var. nana,Distichlis spicata
Distichlis spicata var. stolonifera,Distichlis spicata
Distichlis spicata var. stricta,Distichlis spicata
Dodecatheon clevelandii subsp. patulum,Primula clevelandii var. patula
Dodecatheon clevelandii subsp. sanctarum,Primula clevelandii var. gracilis
Dodecatheon clevelandii var. gracile,Primula clevelandii var. gracilis
Dodecatheon clevelandii var. patulum,Primula clevelandii var. patula
Dodecatheon hansenii,Primula hendersonii
Dodecatheon hendersonii subsp. cruciatum,Primula hendersonii
Dodecatheon hendersonii subsp. hansenii,Primula hendersonii
Dodecatheon hendersonii subsp. hendersonii,Primula hendersonii
Dodecatheon hendersonii subsp. parvifolium,Primula hendersonii
Dodecatheon hendersonii,Primula hendersonii
Downingia immaculata,Downingia cuspidata
Draba cuneifolia var. cuneifolia,Draba cuneifolia
Draba cuneifolia var. integrifolia,Draba cuneifolia
Draba cuneifolia var. sonorae,Draba cuneifolia
Draba unilateralis,Athysanus unilateralis
Draba verna var. verna,Draba verna
Dudleya cymosa subsp. gigantea,Dudleya cymosa subsp. cymosa
Echinochloa crus-galli subsp. spiralis,Echinochloa crus-galli
Echinochloa crus-galli var. zelayensis,Echinochloa crus-galli
Echinodorus berteroi var. lanceolatus,Echinodorus berteroi
Echinodorus rostratus,Echinodorus berteroi
Eclipta alba,Eclipta prostrata
Elatine obovata,Elatine brachysperma
Eleocharis acicularis var. submersa,Eleocharis acicularis var. acicularis
Eleocharis disciformis,Eleocharis parishii
Eleocharis montevidensis var. parishii,Eleocharis parishii
Eleocharis perlonga,Eleocharis macrostachya
Eleocharis pygmaea,Eleocharis parvula
Ellisia chrysanthemifolia,Eucrypta chrysanthemifolia var. chrysanthemifolia
Ellisia torreyi var. orcuttii,Eucrypta chrysanthemifolia var. chrysanthemifolia
Ellisia torreyi var. paniculata,Eucrypta chrysanthemifolia var. chrysanthemifolia
Elodea brandegeeae,Elodea canadensis
Elodea densa,Egeria densa
Elymus elongatus var. ponticus,Elymus ponticus
Elymus elymoides subsp. elymoides,Elymus elymoides var. elymoides
Elymus glaucus subsp. jepsonii,Elymus glaucus subsp. glaucus
Elymus glaucus var. jepsonii,Elymus glaucus subsp. glaucus
Elymus trachycaulus subsp. subsecundus,Elymus trachycaulus subsp. trachycaulus
Elytrigia elongata,Elymus ponticus
Elytrigia intermedia subsp. barbulata,Elymus hispidus
Elytrigia intermedia subsp. intermedia,Elymus hispidus
Elytrigia intermedia var. intermedia,Elymus hispidus
Elytrigia intermedia,Elymus hispidus
Elytrigia pontica subsp. pontica,Elymus ponticus
Elytrigia pontica,Elymus ponticus
Emmenanthe penduliflora var. rosea,Emmenanthe rosea,INAT
Epilobium adenocaulon var. holosericeum,Epilobium ciliatum subsp. ciliatum
Epilobium adenocaulon var. occidentale,Epilobium ciliatum subsp. ciliatum
Epilobium adenocaulon var. parishii,Epilobium ciliatum subsp. ciliatum
Epilobium adenocaulon,Epilobium ciliatum subsp. ciliatum
Epilobium paniculatum var. jucundum,Epilobium brachycarpum
Epilobium paniculatum var. laevicaule,Epilobium brachycarpum
Epilobium paniculatum var. tracyi,Epilobium brachycarpum
Epilobium paniculatum,Epilobium brachycarpum
Epilobium watsonii var. franciscanum,Epilobium ciliatum subsp. watsonii
Epilobium watsonii,Epilobium ciliatum subsp. watsonii
Epipactis gigantea f. rubrifolia,Epipactis gigantea
Equisetum fontinale,Equisetum laevigatum
Equisetum funstonii,Equisetum laevigatum
Equisetum hyemale var. californicum,Equisetum hyemale subsp. affine
Equisetum hyemale var. robustum,Equisetum hyemale subsp. affine
Equisetum kansanum,Equisetum laevigatum
Eragrostis curvula var. curvula,Eragrostis curvula
Eragrostis diffusa,Eragrostis pectinacea var. pectinacea
Eragrostis megastachya,Eragrostis cilianensis
Eragrostis orcuttiana,Eragrostis mexicana subsp. virescens
Eragrostis virescens,Eragrostis mexicana subsp. virescens,INAT
Erechtites glomeratus,Senecio glomeratus
Erechtites minimus,Senecio minimus
Eremocarpus setiger,Croton setiger
Erigeron inornatus var. angustatus,Erigeron reductus var. angustatus
Eriocoma lemmonii subsp. lemmonii,Stipa lemmonii var. lemmonii,INAT
Eriogonella membranacea,Chorizanthe membranacea
Eriogonum acetoselloides,Eriogonum gracile var. gracile
Eriogonum auriculatum,Eriogonum nudum var. auriculatum
Eriogonum caninum,Eriogonum luteolum var. caninum
Eriogonum fasciculatum subsp. foliolosum,Eriogonum fasciculatum var. foliolosum
Eriogonum fasciculatum subsp. polifolium,Eriogonum fasciculatum var. polifolium
Eriogonum fasciculatum var. obtusiflorum,Eriogonum fasciculatum var. foliolosum
Eriogonum fasciculatum var. revolutum,Eriogonum fasciculatum var. polifolium
Eriogonum gracile var. acetoselloides,Eriogonum gracile var. gracile
Eriogonum gracile var. leucocladon,Eriogonum gracile var. gracile
Eriogonum latifolium subsp. auriculatum,Eriogonum nudum var. auriculatum
Eriogonum latifolium var. alternans,Eriogonum nudum var. auriculatum
Eriogonum leucocladon,Eriogonum gracile var. gracile
Eriogonum polifolium,Eriogonum fasciculatum var. polifolium
Eriogonum polyanthum var. bahiiforme,Eriogonum umbellatum var. bahiiforme
Eriogonum revolutum,Eriogonum fasciculatum var. polifolium
Eriogonum roseum var. leucocladon,Eriogonum gracile var. gracile
Eriogonum rosmarinifolium var. foliolosum,Eriogonum fasciculatum var. foliolosum
Eriogonum stellatum var. bahiiforme,Eriogonum umbellatum var. bahiiforme
Eriogonum trachygonum,Eriogonum wrightii var. trachygonum
Eriogonum trichotomum,Eriogonum umbellatum var. bahiiforme
Eriogonum umbellatum subsp. bahiiforme,Eriogonum umbellatum var. bahiiforme
Eriogonum vagans,Eriogonum inerme var. inerme
Eriogonum verticillatum,Eriogonum gracile var. gracile
Eriogonum vimineum subsp. gracile,Eriogonum gracile var. gracile
Eriogonum vimineum subsp. virgatum,Eriogonum roseum
Eriogonum vimineum var. californicum,Eriogonum luteolum var. luteolum
Eriogonum vimineum var. caninum,Eriogonum luteolum var. caninum
Eriogonum vimineum var. covilleanum,Eriogonum covilleanum
Eriogonum vimineum var. luteolum,Eriogonum luteolum var. luteolum
Eriogonum virgatum var. roseum,Eriogonum roseum
Eriogonum virgatum var. rubidum,Eriogonum roseum
Eriogonum virgatum,Eriogonum roseum
Eriogonum wrightii subsp. trachygonum,Eriogonum wrightii var. trachygonum
Eriophyllum confertiflorum var. latum,Eriophyllum confertiflorum var. confertiflorum
Eriophyllum idoneum,Eriophyllum lanatum var. achilleoides
Eriophyllum staechadifolium var. artemisiifolium,Eriophyllum staechadifolium
Eriophyllum staechadifolium var. depressum,Eriophyllum staechadifolium
Erodium macrophyllum var. californicum,California macrophylla
Erodium macrophyllum,California macrophylla
Erodium obtusiplicatum,Erodium brachycarpum
Eryngium articulatum var. bakeri,Eryngium articulatum
Eryngium californicum,Eryngium jepsonii
Eryngium elongatum,Eryngium jepsonii
Eryngium harknessii,Eryngium articulatum
Eryngium harmsianum,Eryngium armatum
Eryngium longistylum,Eryngium armatum
Eryngium petiolatum var. armatum,Eryngium armatum
Eryngium spinosepalum var. medium,Eryngium castrense
Eryngium vaseyi var. castrense,Eryngium castrense
Eryngium vaseyi var. globosum,Eryngium spinosepalum
Erysimum asperum var. bealianum,Erysimum capitatum var. capitatum
Erysimum asperum var. stellatum,Erysimum capitatum var. capitatum
Erysimum capitatum var. angustatum,Erysimum capitatum var. capitatum
Erysimum capitatum var. bealianum,Erysimum capitatum var. capitatum
Erysimum capitatum var. lompocense,Erysimum capitatum var. capitatum
Erysimum insulare var. angustatum,Erysimum capitatum var. capitatum
Erysimum moniliforme,Erysimum capitatum var. capitatum
Erysimum suffrutescens var. lompocense,Erysimum capitatum var. capitatum
Eschscholzia californica var. peninsularis,Eschscholzia californica
Eucharidium breweri,Clarkia breweri
Eucrypta foliosa,Eucrypta chrysanthemifolia var. chrysanthemifolia
Eucrypta paniculata,Eucrypta chrysanthemifolia var. chrysanthemifolia
Eupatorium adenophorum,Ageratina adenophora
Euphorbia supina,Euphorbia maculata
Eutoca douglasii,Phacelia douglasii
Eutoca phacelioides,Phacelia phacelioides
Evax caulescens,Hesperevax caulescens
Festuca arida,Festuca microstachys
Festuca confusa,Festuca microstachys
Festuca dertonensis,Festuca bromoides
Festuca eastwoodiae,Festuca microstachys
Festuca elatior,Festuca arundinacea
Festuca elmeri subsp. luxurians,Festuca elmeri
Festuca grayi,Festuca microstachys
Festuca howellii,Festuca elmeri
Festuca idahoensis subsp. roemeri,Festuca idahoensis
Festuca megalura,Festuca myuros
Festuca microstachys var. ciliata,Festuca microstachys
Festuca microstachys var. pauciflora,Festuca microstachys
Festuca microstachys var. simulans,Festuca microstachys
Festuca octoflora subsp. hirtella,Festuca octoflora
Festuca pacifica,Festuca microstachys
Festuca reflexa,Festuca microstachys
Festuca roemeri var. klamathensis,Festuca idahoensis
Festuca roemeri,Festuca idahoensis
Festuca tracyi,Festuca microstachys
Filago californica,Logfia filaginoides
Filago gallica,Logfia gallica
Forestiera neomexicana var. arizonica,Forestiera pubescens
Forestiera neomexicana var. neomexicana,Forestiera pubescens
Forestiera pubescens var. parviflora,Forestiera pubescens
Fragaria crinita,Fragaria vesca
Fragaria vesca subsp. bracteata,Fragaria vesca
Fragaria vesca subsp. californica,Fragaria vesca
Frankenia grandifolia var. campestris,Frankenia salina
Frankenia grandifolia,Frankenia salina
Franseria chamissonis subsp. bipinnatisecta,Ambrosia chamissonis
Franseria chamissonis,Ambrosia chamissonis
Fraxinus oregona,Fraxinus latifolia
Fraxinus pennsylvanica subsp. oregona,Fraxinus latifolia
Fremontodendron californicum subsp. californicum,Fremontodendron californicum
Fremontodendron californicum subsp. crassifolium,Fremontodendron californicum
Fremontodendron californicum subsp. napense,Fremontodendron californicum
Fremontodendron californicum subsp. obispoense,Fremontodendron californicum
Fritillaria affinis var. affinis,Fritillaria affinis
Fritillaria biflora var. agrestis,Fritillaria agrestis
Fritillaria phaeanthera,Fritillaria affinis
Galium andrewsii var. gatense,Galium andrewsii subsp. gatense
Galium cymosum,Galium trifidum subsp. columbianum
Galium nuttallii var. ovalifolium,Galium porrigens var. porrigens
Galium nuttallii var. tenue,Galium porrigens var. tenue
Galium trifidum var. pacificum,Galium trifidum subsp. columbianum
Garrya flavescens var. pallida,Garrya flavescens
Gaura decorticans,Eremothera boothii subsp. decorticans
Gaura drummondii,Oenothera xenogaura
Gaura sinuata,Oenothera sinuosa
Geranium carolinianum var. carolinianum,Geranium carolinianum
Geranium carolinianum var. sphaerospermum,Geranium carolinianum
Geranium microphyllum,Geranium potentilloides
Geranium sphaerospermum,Geranium carolinianum
Gilia inconspicua var. oreophila,Gilia achilleifolia subsp. multicaulis
Gilia multicaulis,Gilia achilleifolia subsp. multicaulis
Githopsis calycina,Githopsis specularioides
Glaux maritima,Lysimachia maritima
Glyceria davyi,Glyceria leptostachya
Gnaphalium beneolens,Pseudognaphalium beneolens
Gnaphalium californicum,Pseudognaphalium californicum
Gnaphalium canescens subsp. beneolens,Pseudognaphalium beneolens
Gnaphalium canescens subsp. microcephalum,Pseudognaphalium microcephalum
Gnaphalium canescens subsp. thermale,Pseudognaphalium thermale
Gnaphalium chilense,Pseudognaphalium stramineum
Gnaphalium luteoalbum,Pseudognaphalium luteoalbum
Gnaphalium microcephalum var. thermale,Pseudognaphalium thermale
Gnaphalium microcephalum,Pseudognaphalium microcephalum
Gnaphalium ramosissimum,Pseudognaphalium ramosissimum
Gnaphalium stramineum,Pseudognaphalium stramineum
Gnaphalium thermale,Pseudognaphalium thermale
Grindelia camporum var. bracteosa,Grindelia camporum
Grindelia hirsutula var. davyi,Grindelia camporum
Grindelia hirsutula var. maritima,Grindelia hirsutula
Guillenia flavescens,Caulanthus flavescens
Guillenia lasiophylla,Caulanthus lasiophyllus
Gutierrezia bracteata,Gutierrezia californica
Habenaria dilatata var. leucostachys,Platanthera dilatata var. leucostachys
Habenaria elegans var. elata,Piperia elongata
Habenaria elegans var. maritima,Piperia elegans subsp. elegans
Habenaria elegans var. multiflora,Piperia elegans subsp. elegans
Habenaria greenei,Piperia elegans subsp. elegans
Haplopappus arborescens,Ericameria arborescens
Haplopappus linearifolius,Ericameria linearifolia
Haplopappus venetus subsp. argutus,Isocoma arguta
Hedera helix subsp. canariensis,Hedera canariensis
Hedera helix subsp. helix,Hedera helix
Hedypnois cretica,Hedypnois rhagadioloides
Heleniastrum bigelovii,Helenium bigelovii
Heleniastrum occidentale,Helenium bigelovii
Heleniastrum puberulum,Helenium puberulum
Heleniastrum rivulare,Helenium bigelovii
Helenium californicum,Helenium puberulum
Helenium decurrens,Helenium puberulum
Helenium pubescens,Helenium puberulum
Helenium rivulare,Helenium bigelovii
Helenium rosilla,Helenium puberulum
Heleochloa schoenoides,Crypsis schoenoides
Helianthella californica subsp. californica,Helianthella californica var. californica
Helianthemum scoparium var. vulgare,Crocanthemum scoparium var. vulgare
Helianthus annuus subsp. jaegeri,Helianthus annuus
Helianthus annuus subsp. lenticularis,Helianthus annuus
Helianthus annuus var. macrocarpus,Helianthus annuus
Helichrysum luteoalbum,Pseudognaphalium luteoalbum,INAT
Heliotropium oculatum,Heliotropium curassavicum var. oculatum
Heliotropium spathulatum subsp. oculatum,Heliotropium curassavicum var. oculatum
Helxine soleirolii,Soleirolia soleirolii
Hemizonia angustifolia,Deinandra corymbosa
Hemizonia corymbosa subsp. macrocephala,Deinandra corymbosa
Hemizonia corymbosa,Deinandra corymbosa
Hemizonia fitchii,Centromadia fitchii
Hemizonia kelloggii,Deinandra kelloggii
Hemizonia lobbii,Deinandra lobbii
Hemizonia lutescens,Hemizonia congesta subsp. lutescens
Hemizonia luzulifolia subsp. luzulifolia,Hemizonia congesta subsp. luzulifolia
Hemizonia luzulifolia subsp. rudis,Hemizonia congesta subsp. luzulifolia
Hemizonia luzulifolia,Hemizonia congesta subsp. luzulifolia
Hemizonia parryi subsp. congdonii,Centromadia parryi subsp. congdonii
Hemizonia pungens subsp. maritima,Centromadia pungens subsp. pungens
Hemizonia pungens subsp. septentrionalis,Centromadia pungens subsp. pungens
Heracleum lanatum,Heracleum maximum
Herniaria cinerea,Herniaria hirsuta var. cinerea,INAT
Herniaria hirsuta subsp. cinerea,Herniaria hirsuta var. cinerea
Herpestris pilosa,Mimetanthe pilosa
Hesperomecon filiformis,Hesperomecon linearis
Hesperoscordum hyacinthinum,Triteleia hyacinthina
Hesperoscordum lacteum,Triteleia hyacinthina
Hesperoscordum lewisii,Triteleia hyacinthina
Hesperoscordum maritimum,Muilla maritima
Heterodraba unilateralis,Athysanus unilateralis
Heteromeles arbutifolia var. arbutifolia,Heteromeles arbutifolia
Heteromeles arbutifolia var. cerina,Heteromeles arbutifolia
Heteromeles arbutifolia var. macrocarpa,Heteromeles arbutifolia
Heteromeles salicifolia,Heteromeles arbutifolia
Heterotheca echioides var. bolanderi,Heterotheca sessiliflora subsp. bolanderi
Heterotheca sessiliflora var. echioides,Heterotheca sessiliflora subsp. echioides
Heuchera micrantha var. diversifolia,Heuchera micrantha
Heuchera micrantha var. erubescens,Heuchera micrantha
Heuchera micrantha var. hartwegii,Heuchera micrantha
Heuchera micrantha var. macropetala,Heuchera micrantha
Hibiscus californicus,Hibiscus lasiocarpos var. occidentalis
Hibiscus lasiocarpos var. californicus,Hibiscus lasiocarpos var. occidentalis
Hibiscus moscheutos var. occidentalis,Hibiscus lasiocarpos var. occidentalis
Holocarpha obconica subsp. autumnalis,Holocarpha obconica
Holodiscus saxicola,Holodiscus discolor
Hookera capitata,Dipterostemon capitatus
Hookera congesta,Dichelostemma congestum
Hookera hyacinthina var. lactea,Triteleia hyacinthina
Hookera hyacinthina,Triteleia hyacinthina
Hookera laxa,Triteleia laxa
Hookera macropoda,Brodiaea terrestris subsp. terrestris
Hookera multiflora,Dichelostemma multiflorum
Hookera parviflora,Dichelostemma multiflorum
Hookera peduncularis,Triteleia peduncularis
Hookera volubilis,Dichelostemma volubile
Hordeum californicum,Hordeum brachyantherum subsp. californicum
Hordeum geniculatum,Hordeum marinum subsp. gussoneanum
Hordeum glaucum,Hordeum murinum subsp. glaucum
Hordeum hystrix,Hordeum marinum subsp. gussoneanum
Hordeum jubatum var. caespitosum,Hordeum jubatum subsp. jubatum
Hordeum leporinum,Hordeum murinum subsp. leporinum
Hordeum stebbinsii,Hordeum murinum subsp. glaucum
Horkelia californica subsp. californica,Horkelia californica var. californica
Horkelia californica subsp. dissita,Horkelia californica var. elata
Horkelia californica subsp. frondosa,Horkelia californica var. frondosa
Horkelia cuneata subsp. sericea,Horkelia cuneata var. sericea
Horkelia elata,Horkelia californica var. elata
Horkelia frondosa,Horkelia californica var. frondosa
Horkelia glandulosa,Horkelia californica var. elata
Howellia limosa,Legenere limosa
Hydastylus borealis,Sisyrinchium californicum
Hydastylus brachypus,Sisyrinchium californicum
Hydrocharis spongia,Limnobium spongia
Hydrocotyle verticillata var. triradiata,Hydrocotyle verticillata
Hydrophyllum macrophyllum var. occidentale,Hydrophyllum occidentale
Hydrophyllum occidentale var. watsonii,Hydrophyllum occidentale
Hydrophyllum speciosum,Hydrophyllum occidentale
Hydrophyllum watsonii,Hydrophyllum occidentale
Hymenolobus procumbens,Hornungia procumbens
Hypericum formosum var. scouleri,Hypericum scouleri
Hypericum scouleri subsp. scouleri,Hypericum scouleri
Ibicella lutea,Proboscidea lutea,INAT
Iris douglasiana var. altissima,Iris douglasiana
Iris douglasiana var. major,Iris douglasiana
Iris douglasiana var. oregonensis,Iris douglasiana
Isolepis koilolepis,Isolepis carinata
Isopyrum occidentale,Enemion occidentale
Isopyrum stipitatum,Enemion stipitatum
Isotrema californicum,Aristolochia californica
Iva axillaris subsp. robustior,Iva axillaris
Iva axillaris var. robustior,Iva axillaris
Jacobaea vulgaris,Senecio jacobaea,INAT
Johnstonella micromeres,Cryptantha micromeres,INAT
Juglans californica var. californica,Juglans californica
Juncus arcticus var. balticus,Juncus balticus subsp. ater
Juncus arcticus var. mexicanus,Juncus mexicanus
Juncus balticus var. montanus,Juncus balticus subsp. ater
Juncus bufonius var. congdonii,Juncus bufonius var. bufonius
Juncus bufonius var. halophilus,Juncus ambiguus
Juncus bufonius,Juncus bufonius var. bufonius,INAT
Juncus effusus var. pacificus,Juncus effusus subsp. pacificus
Juncus gerardi,Juncus gerardi subsp. gerardi,INAT
Juncus hybridus,Juncus ambiguus,INAT
Juncus lesueurii,Juncus lescurii,INAT
Juncus ranarius,Juncus ambiguus
Juncus tenuis var. congestus,Juncus occidentalis
Juncus tenuis var. occidentalis,Juncus occidentalis
Jussiaea californica,Ludwigia peploides subsp. peploides
Jussiaea repens var. californica,Ludwigia peploides subsp. peploides
Jussiaea repens var. montevidensis,Ludwigia peploides subsp. montevidensis
Jussiaea repens var. peploides,Ludwigia peploides subsp. peploides
Kali australis,Salsola australis
Keckiella breviflora subsp. breviflora,Keckiella breviflora var. breviflora
Koeleria cristata var. longifolia,Koeleria macrantha
Koeleria gerardii,Koeleria gerardi,INAT
Koeleria nitida,Koeleria macrantha
Kohlrauschia velutina,Petrorhagia dubia
Lachnagrostis filiformis,Agrostis avenacea,INAT
Lactuca serriola var. integra,Lactuca serriola
Lagophylla ramosissima subsp. congesta,Lagophylla ramosissima
Lagophylla ramosissima subsp. ramosissima,Lagophylla ramosissima
Lastarriaea chilensis subsp. californica,Lastarriaea coriacea
Lasthenia chrysostoma,Lasthenia californica subsp. californica
Lasthenia hirsutula,Lasthenia californica subsp. californica
Lasthenia minor subsp. maritima,Lasthenia maritima
Lathyrus laetiflorus subsp. barbarae,Lathyrus vestitus var. vestitus
Lathyrus laetiflorus,Lathyrus vestitus var. vestitus
Lathyrus vestitus subsp. laetiflorus,Lathyrus vestitus var. vestitus
Lathyrus vestitus subsp. laevicarpus,Lathyrus vestitus var. vestitus
Lathyrus vestitus subsp. puberulus,Lathyrus vestitus var. vestitus
Lavatera assurgentiflora subsp. assurgentiflora,Malva assurgentiflora
Lavatera assurgentiflora subsp. glabra,Malva assurgentiflora
Lavatera assurgentiflora,Malva assurgentiflora
Lavatera cretica,Malva multiflora
Layia chrysanthemoides subsp. maritima,Layia chrysanthemoides
Layia paniculata,Layia hieracioides
Layia platyglossa subsp. campestris,Layia platyglossa
Legenere valdiviana,Legenere limosa,INAT
Lemna cyclostasa,Lemna valdiviana
Lemna minor var. minima,Lemna minor
Lemna minuscula,Lemna minuta
Lemna valdiviana var. abbreviata,Lemna valdiviana
Lemna valdiviana var. valdiviana,Lemna valdiviana
Lepidium dictyotum var. acutidens,Lepidium acutidens
Lepidium latipes var. heckardii,Lepidium latipes
Lepidium latipes var. latipes,Lepidium latipes
Lepidium nitidum var. howellii,Lepidium nitidum
Lepidium nitidum var. oreganum,Lepidium nitidum
Lepidium oblongum var. insulare,Lepidium oblongum
Lepidium oblongum var. oblongum,Lepidium oblongum
Lepidium oxycarpum var. acutidens,Lepidium acutidens
Lepidium squamatum,Lepidium coronopus
Leptochloa fascicularis,Leptochloa fusca subsp. fascicularis
Leptochloa uninervia,Leptochloa fusca subsp. uninervia
Leptosiphon acicularis,Leptosiphon aureus
Leptosiphon chrysanthus,Leptosiphon aureus,INAT
Leptosiphon laetus,Leptosiphon parviflorus
Leptosiphon luteolus,Leptosiphon parviflorus
Leptosiphon luteus,Leptosiphon parviflorus
Leptosiphon micranthus,Leptosiphon parviflorus
Leptotaenia californica,Lomatium californicum
Lepturus cylindricus,Hainardia cylindrica
Lessingia filaginifolia var. californica,Corethrogyne filaginifolia
Lessingia filaginifolia var. filaginifolia,Corethrogyne filaginifolia
Lessingia germanorum var. parvula,Lessingia tenuis
Lessingia germanorum var. tenuis,Lessingia tenuis
Lessingia nemaclada var. albiflora,Lessingia nemaclada
Leuzea repens,Rhaponticum repens,INAT
Lewisia alba,Lewisia rediviva var. rediviva
Leymus ×multiflorus,Elymus ×gouldii,INAT
Leymus mollis subsp. mollis,Elymus mollis subsp. mollis,INAT
Leymus triticoides,Elymus triticoides,INAT
Lilaea scilloides,Triglochin scilloides
Lilaeopsis occidentalis,Lilaeopsis masonii,INAT
Lilium harrisianum,Lilium pardalinum subsp. pardalinum
Lilium pardalinum var. angustifolium,Lilium pardalinum subsp. pardalinum
Lilium roezlii,Lilium pardalinum subsp. pardalinum
Limonium californicum var. mexicanum,Limonium californicum
Limosella subulata,Limosella australis
Linanthus acicularis,Leptosiphon aureus
Linanthus ambiguus,Leptosiphon ambiguus
Linanthus androsaceus subsp. laetus,Leptosiphon parviflorus
Linanthus androsaceus,Leptosiphon androsaceus
Linanthus bakeri,Leptosiphon bolanderi
Linanthus bicolor,Leptosiphon bicolor
Linanthus bolanderi,Leptosiphon bolanderi
Linanthus ciliatus,Leptosiphon ciliatus
Linanthus grandiflorus,Leptosiphon grandiflorus
Linanthus liniflorus subsp. pharnaceoides,Leptosiphon liniflorus
Linanthus liniflorus,Leptosiphon liniflorus
Linanthus parviflorus,Leptosiphon parviflorus
Linanthus plaskettii,Leptosiphon parviflorus
Linanthus pygmaeus subsp. continentalis,Leptosiphon pygmaeus subsp. continentalis
Linaria canadensis var. texana,Nuttallanthus texanus
Linum angustifolium,Linum bienne
Linum clevelandii,Hesperolinon clevelandii
Linum lewisii var. alpicola,Linum lewisii var. lewisii
Linum micranthum,Hesperolinon micranthum
Linum perenne subsp. lewisii,Linum lewisii var. lewisii
Lippia lanceolata,Phyla lanceolata
Lithophragma affine subsp. mixtum,Lithophragma affine
Lithophragma scabrella,Lithophragma bolanderi
Lithophragma tripartitum,Lithophragma affine
Lolium arundinaceum,Festuca arundinacea,INAT
Lolium multiflorum,Festuca perennis
Lolium perenne var. multiflorum,Festuca perennis
Lolium perenne,Festuca perennis,INAT
Lolium strictum,Festuca perennis
Lolium temulentum,Festuca temulenta,INAT
Lomatium humile,Lomatium caruifolium var. denticulatum
Lomatium macrocarpum var. ellipticum,Lomatium macrocarpum
Lomatium vaseyi,Lomatium utriculatum
Lonicera hispidula var. hispidula,Lonicera hispidula
Lonicera hispidula var. vacillans,Lonicera hispidula
Lonicera subspicata var. johnstonii,Lonicera subspicata var. denudata
Lophochloa cristata,Koeleria gerardi
Lotus crassifolius var. crassifolius,Hosackia crassifolia var. crassifolia
Lotus denticulatus,Acmispon denticulatus
Lotus humistratus,Acmispon brachycarpus
Lotus junceus var. biolettii,Acmispon junceus var. biolettii
Lotus micranthus,Acmispon parviflorus
Lotus purshianus var. glaber,Acmispon americanus var. americanus
Lotus purshianus var. purshianus,Acmispon americanus var. americanus
Lotus scoparius subsp. scoparius,Acmispon glaber var. glaber
Lotus scoparius var. scoparius,Acmispon glaber var. glaber
Lotus stipularis var. stipularis,Hosackia stipularis var. stipularis
Lotus strigosus var. hirtellus,Acmispon strigosus
Lotus strigosus var. tomentellus,Acmispon strigosus
Lotus strigosus,Acmispon strigosus
Lotus tomentellus,Acmispon strigosus
Lotus wrangelianus,Acmispon wrangelianus
Ludwigia grandiflora subsp. hexapetala,Ludwigia hexapetala
Ludwigia palustris var. americana,Ludwigia palustris
Ludwigia palustris var. pacifica,Ludwigia palustris
Lupinus albifrons var. flumineus,Lupinus albifrons var. collinus
Lupinus benthamii var. benthamii,Lupinus benthamii
Lupinus benthamii var. opimus,Lupinus benthamii
Lupinus bicolor subsp. marginatus,Lupinus bicolor
Lupinus bicolor subsp. microphyllus,Lupinus bicolor
Lupinus bicolor subsp. pipersmithii,Lupinus bicolor
Lupinus bicolor subsp. tridentatus,Lupinus bicolor
Lupinus bicolor subsp. umbellatus,Lupinus bicolor
Lupinus bicolor var. rostratus,Lupinus bicolor
Lupinus bicolor var. trifidus,Lupinus bicolor
Lupinus concinnus var. agardhianus,Lupinus concinnus
Lupinus concinnus var. concinnus,Lupinus concinnus
Lupinus concinnus var. desertorum,Lupinus concinnus
Lupinus concinnus var. optatus,Lupinus concinnus
Lupinus concinnus var. orcuttii,Lupinus concinnus
Lupinus concinnus var. pallidus,Lupinus concinnus
Lupinus congdonii,Lupinus bicolor
Lupinus densiflorus var. aureus,Lupinus microcarpus var. densiflorus
Lupinus densiflorus var. austrocollium,Lupinus microcarpus var. microcarpus
Lupinus densiflorus var. densiflorus,Lupinus microcarpus var. densiflorus,INAT
Lupinus densiflorus var. palustris,Lupinus microcarpus var. microcarpus
Lupinus densiflorus var. persecundus,Lupinus microcarpus var. microcarpus
Lupinus densiflorus,Lupinus microcarpus var. densiflorus
Lupinus nanus subsp. apricus,Lupinus nanus
Lupinus nanus subsp. latifolius,Lupinus nanus
Lupinus nanus subsp. menkerae,Lupinus nanus
Lupinus nanus var. maritimus,Lupinus nanus
Lupinus polycarpus,Lupinus bicolor
Lupinus rostratus,Lupinus bicolor
Lupinus ruber,Lupinus microcarpus var. microcarpus
Lupinus subvexus var. insularis,Lupinus microcarpus var. microcarpus
Lupinus subvexus var. phoeniceus,Lupinus microcarpus var. microcarpus
Lupinus subvexus var. subvexus,Lupinus microcarpus var. microcarpus
Lupinus subvexus var. transmontanus,Lupinus microcarpus var. microcarpus
Lupinus subvexus,Lupinus microcarpus var. microcarpus
Lupinus vallicola,Lupinus nanus
Luzula comosa var. congesta,Luzula comosa var. comosa
Luzula comosa var. macrantha,Luzula subsessilis
Luzula comosa var. subsessilis,Luzula subsessilis
Lythrum alatum var. linearifolium,Lythrum californicum
Lythrum sanfordii,Lythrum californicum
Macrocalyx chrysanthemifolius,Eucrypta chrysanthemifolia var. chrysanthemifolia
Macroscapa volubilis,Dichelostemma volubile
Madia capitata,Madia sativa
Madia elegans subsp. densifolia,Madia elegans
Madia elegans subsp. vernalis,Madia elegans
Madia elegans subsp. wheeleri,Madia elegans
Madia gracilis subsp. collina,Madia gracilis
Madia gracilis subsp. pilosa,Madia gracilis
Madia madioides,Anisocarpus madioides
Mahonia dictyota,Berberis aquifolium var. dictyota
Mahonia nervosa var. mendocinensis,Berberis nervosa
Mahonia pinnata subsp. pinnata,Berberis pinnata subsp. pinnata
Maianthemum racemosum subsp. amplexicaule,Maianthemum racemosum
Malacothamnus fremontii subsp. cercophorus,Malacothamnus fremontii
Malacothamnus helleri,Malacothamnus fremontii
Malacothamnus howellii,Malacothamnus fremontii
Malacothrix coulteri var. cognata,Malacothrix coulteri
Malacothrix senecioides,Malacothrix clevelandii
Malva pseudolavatera,Malva multiflora
Marah fabacea var. agrestis,Marah fabacea
Maruta cotula,Anthemis cotula
Meconella linearis,Hesperomecon linearis
Medicago hispida var. confinis,Medicago polymorpha
Medicago hispida var. hispida,Medicago polymorpha
Medicago hispida,Medicago polymorpha
Medicago lupulina var. cupaniana,Medicago lupulina
Medicago minima subsp. brevispina,Medicago polymorpha
Medicago minima var. brevispina,Medicago polymorpha
Medicago polymorpha var. brevispina,Medicago polymorpha
Medicago sativa subsp. falcata,Medicago sativa
Medicago sativa subsp. sativa,Medicago sativa
Mentha arvensis var. canadensis,Mentha canadensis
Mentha citrata,Mentha aquatica
Mentzelia dispersa var. compacta,Mentzelia dispersa
Mentzelia dispersa var. dispersa,Mentzelia dispersa
Mentzelia dispersa var. latifolia,Mentzelia dispersa
Mentzelia dispersa var. obtusa,Mentzelia dispersa
Mentzelia pinetorum,Mentzelia dispersa
Mesembryanthemum chilensis,Carpobrotus chilensis
Mesembryanthemum edule,Carpobrotus edulis
Microcala quadrangularis,Cicendia quadrangularis
Microseris heterocarpa,Stebbinsoseris heterocarpa
Microseris lindleyi,Uropappus lindleyi
Microseris linearifolia,Uropappus lindleyi
Microsteris gracilis subsp. gracilis,Microsteris gracilis
Microsteris gracilis subsp. humilis,Microsteris gracilis
Microsteris gracilis var. gracilis,Microsteris gracilis
Microsteris gracilis var. humilior,Microsteris gracilis
Milla capitata,Dipterostemon capitatus
Milla hyacinthina var. lactea,Triteleia hyacinthina
Milla hyacinthina,Triteleia hyacinthina
Milla laxa,Triteleia laxa
Milla maritima,Muilla maritima
Milla peduncularis,Triteleia peduncularis
Mimulus androsaceus,Erythranthe androsacea
Mimulus aurantiacus,Diplacus aurantiacus
Mimulus bolanderi,Diplacus bolanderi
Mimulus cardinalis var. griseus,Erythranthe cardinalis
Mimulus cardinalis var. rigens,Erythranthe cardinalis
Mimulus cardinalis,Erythranthe cardinalis
Mimulus clementinus,Erythranthe guttata
Mimulus decurtatus,Diplacus rattanii
Mimulus douglasii,Diplacus douglasii
Mimulus equinus,Erythranthe guttata
Mimulus floribundus var. membranaceus,Erythranthe floribunda
Mimulus floribundus,Erythranthe floribunda
Mimulus glabratus var. adscendens,Erythranthe guttata
Mimulus glutinosus,Diplacus aurantiacus
Mimulus grandiflorus,Erythranthe guttata
Mimulus guttatus subsp. haidensis,Erythranthe guttata
Mimulus guttatus var. puberulus,Erythranthe guttata
Mimulus guttatus,Erythranthe guttata
Mimulus hirsutus,Erythranthe guttata
Mimulus inconspicuus var. latidens,Erythranthe latidens
Mimulus inconspicuus,Erythranthe inconspicua
Mimulus langsdorffii var. argutus,Erythranthe guttata
Mimulus langsdorffii var. californicus,Erythranthe guttata
Mimulus langsdorffii var. guttatus,Erythranthe guttata
Mimulus langsdorffii var. minimus,Erythranthe guttata
Mimulus langsdorffii var. platyphyllus,Erythranthe guttata
Mimulus langsdorffii,Erythranthe guttata
Mimulus latidens,Erythranthe latidens
Mimulus lyratus,Erythranthe guttata
Mimulus membranaceus,Erythranthe floribunda
Mimulus palmeri var. androsaceus,Erythranthe androsacea
Mimulus paniculatus,Erythranthe guttata
Mimulus peduncularis,Erythranthe floribunda
Mimulus petiolaris,Erythranthe guttata
Mimulus pilosus,Mimetanthe pilosa
Mimulus platylaemus,Diplacus bolanderi
Mimulus prionophyllus,Erythranthe guttata
Mimulus puberulus,Erythranthe guttata
Mimulus rattanii subsp. decurtatus,Diplacus rattanii
Mimulus rattanii var. decurtatus,Diplacus rattanii
Mimulus rattanii,Diplacus rattanii
Mimulus rivularis,Erythranthe guttata
Mimulus serotinus,Erythranthe floribunda
Mimulus tricolor,Diplacus tricolor
Minuartia californica,Sabulina californica
Minuartia douglasii,Sabulina douglasii
Minuartia pusilla,Sabulina pusilla
Mirabilis californica var. californica,Mirabilis laevis var. crassifolia
Mirabilis californica var. cedrosensis,Mirabilis laevis var. crassifolia
Mirabilis californica,Mirabilis laevis var. crassifolia
Monardella antonina subsp. antonina,Monardella villosa subsp. villosa
Monardella antonina subsp. benitensis,Monardella villosa subsp. villosa
Monardella antonina,Monardella villosa subsp. villosa
Monardella reflexa,Monardella villosa subsp. villosa
Monardella siskiyouensis,Monardella villosa subsp. villosa
Monardella villosa subsp. globosa,Monardella villosa subsp. villosa
Monardella villosa subsp. subserrata,Monardella villosa subsp. villosa
Monerma cylindrica,Hainardia cylindrica
Montia fontana subsp. amporitana,Montia fontana
Montia fontana subsp. chondrosperma,Montia fontana
Montia fontana subsp. variabilis,Montia fontana
Montia funstonii,Montia fontana
Montia gypsophiloides,Claytonia gypsophiloides
Montia hallii,Montia fontana
Montia perfoliata f. glauca,Claytonia exigua subsp. glauca
Montia perfoliata f. parvifolia,Claytonia parviflora subsp. parviflora
Montia perfoliata var. depressa,Claytonia rubra subsp. depressa
Montia perfoliata var. glauca,Claytonia exigua subsp. glauca
Montia perfoliata,Claytonia perfoliata subsp. perfoliata
Montia rosulata,Claytonia exigua subsp. exigua
Montia spathulata var. exigua,Claytonia exigua subsp. exigua
Montia spathulata var. rosulata,Claytonia exigua subsp. exigua
Montia spathulata var. spathulata,Claytonia exigua subsp. exigua
Montia spathulata,Claytonia exigua subsp. exigua
Montia verna,Montia fontana
Muilla serotina,Muilla maritima
Muilla tenuis,Muilla maritima
Myosotis versicolor,Myosotis discolor
Myosurus lepturus var. filiformis,Myosurus minimus
Myosurus lepturus,Myosurus minimus
Myosurus minimus subsp. major,Myosurus minimus
Myosurus minimus var. filiformis,Myosurus minimus
Myosurus minimus var. major,Myosurus minimus
Myosurus minimus var. sessiliflorus,Myosurus sessilis
Myrica californica,Morella californica
Myriophyllum brasiliense,Myriophyllum aquaticum
Myriophyllum exalbescens,Myriophyllum sibiricum
Myriophyllum proserpinacoides,Myriophyllum aquaticum
Myriophyllum spicatum subsp. exalbescens,Myriophyllum sibiricum
Myriophyllum spicatum var. exalbescens,Myriophyllum sibiricum
Nassella cernua,Stipa cernua,INAT
Nassella lepida var. lepida,Stipa lepida
Nassella lepida,Stipa lepida,INAT
Nassella pulchra,Stipa pulchra,INAT
Navarretia hamata subsp. foliacea,Navarretia atractyloides
Navarretia intertexta subsp. intertexta,Navarretia intertexta
Navarretia nigelliformis var. radians,Navarretia nigelliformis subsp. radians
Neogaerrhinum strictum,Antirrhinum kelloggii,INAT
Nicotiana bigelovii var. wallacei,Nicotiana quadrivalvis
Nicotiana bigelovii,Nicotiana quadrivalvis
Nicotiana quadrivalvis var. bigelovii,Nicotiana quadrivalvis
Nicotiana quadrivalvis var. quadrivalvis,Nicotiana quadrivalvis
Nuttallia cerasiformis,Oemleria cerasiformis
Obione fruticulosa,Atriplex fruticulosa
Obione lentiformis,Atriplex lentiformis
Obione leucophylla,Atriplex leucophylla
Ocimum salinum,Frankenia salina
Oenothera ×erythrosepala,Oenothera glazioviana
Oenothera boothii subsp. decorticans,Eremothera boothii subsp. decorticans
Oenothera boothii subsp. rutila,Eremothera boothii subsp. decorticans
Oenothera campestris subsp. parishii,Camissonia campestris subsp. campestris
Oenothera campestris,Camissonia campestris subsp. campestris
Oenothera contorta,Camissonia contorta
Oenothera decorticans,Eremothera boothii subsp. decorticans
Oenothera graciliflora,Tetrapteron graciliflorum
Oenothera hirtella,Camissoniopsis hirtella
Oenothera hispida,Oenothera xenogaura,INAT
Oenothera hookeri subsp. montereyensis,Oenothera elata subsp. hookeri
Oenothera micrantha var. jonesii,Camissoniopsis hirtella
Oenothera micrantha,Camissoniopsis micrantha
Oenothera ovata,Taraxia ovata
Oenothera strigulosa,Camissonia strigulosa
Olea europaea subsp. africana,Olea europaea
Oloptum miliaceum,Stipa miliacea var. miliacea,INAT
Orobanche bulbosa,Aphyllon tuberosum
Orobanche californica subsp. jepsonii,Aphyllon californicum subsp. jepsonii
Orobanche fasciculata var. lutea,Aphyllon fasciculatum
Orobanche fasciculata var. subulata,Aphyllon fasciculatum
Orobanche fasciculata,Aphyllon fasciculatum
Orobanche grayana var. jepsonii,Aphyllon californicum subsp. jepsonii
Orobanche pinorum,Aphyllon pinorum
Orobanche ramosa,Phelipanche ramosa
Orobanche uniflora subsp. occidentalis,Aphyllon purpureum
Orobanche uniflora var. minuta,Aphyllon purpureum
Orobanche uniflora var. purpurea,Aphyllon purpureum
Orobanche uniflora var. sedi,Aphyllon purpureum
Orobanche vallicola,Aphyllon vallicola
Orthocarpus attenuatus,Castilleja attenuata
Orthocarpus densiflorus,Castilleja densiflora subsp. densiflora
Orthocarpus erianthus var. gratiosus,Triphysaria eriantha subsp. eriantha
Orthocarpus erianthus,Triphysaria eriantha subsp. eriantha
Orthocarpus faucibarbatus,Triphysaria versicolor subsp. faucibarbata
Orthocarpus lithospermoides var. lithospermoides,Castilleja rubicundula subsp. lithospermoides
Orthocarpus purpurascens var. latifolius,Castilleja exserta subsp. latifolia
Orthocarpus purpurascens var. pallidus,Castilleja exserta subsp. exserta
Orthocarpus purpurascens,Castilleja exserta subsp. exserta
Orthocarpus pusillus,Triphysaria pusilla
Oryzopsis miliacea,Stipa miliacea var. miliacea
Osmaronia cerasiformis,Oemleria cerasiformis
Osmorhiza chilensis,Osmorhiza berteroi
Ottleya strigosa,Acmispon strigosus,INAT
Oxalis albicans subsp. pilosa,Oxalis pilosa
Oxalis cernua,Oxalis pes-caprae
Oxalis corniculata subsp. pilosa,Oxalis pilosa
Oxalis corniculata var. wrightii,Oxalis pilosa
Oxybasis rubra,Chenopodium rubrum,INAT
Oxytheca inermis,Eriogonum inerme var. inerme
Papaver lemmonii,Papaver californicum
Paronychia pusilla,Herniaria hirsuta var. cinerea
Parvisedum pentandrum,Sedella pentandra
Paspalum distichum var. indutum,Paspalum distichum
Paspalum paspalodes,Paspalum distichum
Pectocarya pusilla,Gruvelia pusilla,INAT
Pedicularis aurantiaca,Pedicularis densiflora
Pedicularis densiflora subsp. aurantiaca,Pedicularis densiflora
Penstemon heterophyllus subsp. heterophyllus,Penstemon heterophyllus var. heterophyllus
Penstemon heterophyllus subsp. purdyi,Penstemon heterophyllus var. purdyi
Pentagramma triangularis subsp. semipallida,Pentagramma triangularis
Persicaria amphibia var. emersa,Persicaria amphibia
Persicaria amphibia var. stipulacea,Persicaria amphibia
Persicaria coccinea,Persicaria amphibia
Persicaria fusiformis,Persicaria maculosa
Persicaria opelousana,Persicaria hydropiperoides
Persicaria paludicola,Persicaria hydropiperoides
Petrorhagia velutina,Petrorhagia dubia
Phacelia acanthominthoides,Phacelia ciliata
Phacelia alvordensis,Phacelia distans
Phacelia ammophila,Phacelia distans
Phacelia arthuri,Phacelia distans
Phacelia biolettii,Phacelia californica
Phacelia cinerea,Phacelia distans
Phacelia circinatiformis,Phacelia phacelioides
Phacelia conmixta,Phacelia distans
Phacelia distans subvar. ammophila,Phacelia distans
Phacelia distans subvar. genuina,Phacelia distans
Phacelia distans subvar. leptostachya,Phacelia distans
Phacelia distans var. australis,Phacelia distans
Phacelia distans var. scabrella,Phacelia distans
Phacelia flaccida,Phacelia rattanii
Phacelia imbricata var. caudata,Phacelia imbricata var. imbricata
Phacelia leptostachya,Phacelia distans
Phacelia magellanica var. californica,Phacelia californica
Phacelia nemoralis subsp. nemoralis,Phacelia nemoralis var. nemoralis
Phacelia ramosissima var. austrolitoralis,Phacelia ramosissima
Phacelia ramosissima var. eremophila,Phacelia ramosissima
Phacelia ramosissima var. latifolia,Phacelia ramosissima
Phacelia ramosissima var. montereyensis,Phacelia ramosissima
Phacelia ramosissima var. subglabra,Phacelia ramosissima
Phacelia ramosissima var. suffrutescens,Phacelia ramosissima
Phacelia ramosissima var. valida,Phacelia ramosissima
Phacelia scabrella,Phacelia distans
Phacelia tanacetifolia var. cinerea,Phacelia tanacetifolia
Phacelia tanacetifolia var. pseudo-distans,Phacelia tanacetifolia
Phacelia tanacetifolia var. tenuifolia,Phacelia distans
Phacelia tenuifolia,Phacelia distans
Phalaris commutata,Phalaris aquatica
Phalaris intermedia var. angusta,Phalaris angusta
Phalaris intermedia var. angustata,Phalaris angusta
Phalaris paradoxa var. praemorsa,Phalaris paradoxa
Phalaris praemorsa,Phalaris paradoxa
Phalaris stenoptera,Phalaris aquatica
Phalaris tuberosa var. stenoptera,Phalaris aquatica
Phalaris tuberosa,Phalaris aquatica
Phlox gracilis,Microsteris gracilis
Phoradendron macrophyllum,Phoradendron leucarpum subsp. macrophyllum,INAT
Phoradendron serotinum subsp. macrophyllum,Phoradendron leucarpum subsp. macrophyllum
Phoradendron serotinum subsp. tomentosum,Phoradendron leucarpum subsp. tomentosum
Phoradendron villosum,Phoradendron leucarpum subsp. tomentosum
Phragmites australis var. berlandieri,Phragmites australis
Phragmites berlandieri,Phragmites australis
Phragmites communis var. berlandieri,Phragmites australis
Phragmites communis,Phragmites australis
Phyla nodiflora var. canescens,Phyla nodiflora
Phyla nodiflora var. incisa,Phyla nodiflora
Phyla nodiflora var. reptans,Phyla nodiflora
Phyla nodiflora var. rosea,Phyla nodiflora
Picris echioides,Helminthotheca echioides
Piptatherum miliaceum subsp. miliaceum,Stipa miliacea var. miliacea
Piptatherum miliaceum,Stipa miliacea var. miliacea
Pityrogramma triangularis var. triangularis,Pentagramma triangularis
Plagiobothrys bracteatus var. aculeolatus,Plagiobothrys bracteatus
Plagiobothrys reticulatus var. rossianorum,Plagiobothrys diffusus,INAT
Plantago bigelovii subsp. bigelovii,Plantago elongata
Plantago bigelovii subsp. californica,Plantago elongata
Plantago bigelovii,Plantago elongata
Plantago elongata subsp. elongata,Plantago elongata
Plantago elongata subsp. pentasperma,Plantago elongata
Plantago erecta subsp. rigidior,Plantago erecta
Plantago hirtella var. galeottiana,Plantago subnuda
Plantago hookeriana var. californica,Plantago erecta
Plantago major var. pilgeri,Plantago major
Plantago major var. scopulorum,Plantago major
Plantago maritima var. californica,Plantago maritima
Plantago maritima var. juncoides,Plantago maritima
Plantago maritima var. maritima,Plantago maritima
Platanthera elegans subsp. elegans,Piperia elegans subsp. elegans,INAT
Platanthera elongata,Piperia elongata,INAT
Platanthera leucostachys,Platanthera dilatata var. leucostachys
Platanthera michaelii,Piperia michaelii,INAT
Platanthera transversa,Piperia transversa,INAT
Platystemon californicus var. ciliatus,Platystemon californicus
Platystemon californicus var. crinitus,Platystemon californicus
Platystemon californicus var. horridulus,Platystemon californicus
Platystemon californicus var. nutans,Platystemon californicus
Platystemon californicus var. ornithopus,Platystemon californicus
Platystemon californicus var. sphaerocarpus,Platystemon californicus
Platystemon crinitus,Platystemon californicus
Platystigma linearis,Hesperomecon linearis
Plectritis brachystemon,Plectritis congesta subsp. brachystemon
Plectritis ciliosa subsp. ciliosa,Plectritis ciliosa
Plectritis ciliosa subsp. insignis,Plectritis ciliosa
Plectritis congesta subsp. nitida,Plectritis congesta subsp. brachystemon
Plectritis eichleriana,Plectritis macrocera
Plectritis jepsonii,Plectritis macrocera
Plectritis macrocera var. collina,Plectritis macrocera
Plectritis macrocera var. grayi,Plectritis macrocera
Plectritis macrocera var. mamillata,Plectritis macrocera
Plectritis magna var. nitida,Plectritis congesta subsp. brachystemon
Poa bolanderi var. howellii,Poa howellii
Poa canbyi,Poa secunda subsp. secunda
Poa gracillima,Poa secunda subsp. secunda
Poa incurva,Poa secunda subsp. secunda
Poa sandbergii,Poa secunda subsp. secunda
Poa scabrella,Poa secunda subsp. secunda
Pogogyne serpylloides subsp. intermedia,Pogogyne serpylloides
Polygala californica,Rhinotropis californica
Polygonum aequale,Polygonum aviculare subsp. depressum
Polygonum amphibium var. emersum,Persicaria amphibia
Polygonum amphibium var. stipulaceum,Persicaria amphibia
Polygonum amphibium,Persicaria amphibia
Polygonum arenastrum,Polygonum aviculare subsp. depressum
Polygonum aviculare subsp. rectum,Polygonum aviculare subsp. neglectum
Polygonum calcatum,Polygonum aviculare subsp. depressum
Polygonum cuspidatum,Fallopia japonica
Polygonum exsertum,Polygonum ramosissimum subsp. ramosissimum
Polygonum fusiforme,Persicaria maculosa
Polygonum hydropiper,Persicaria hydropiper
Polygonum hydropiperoides var. asperifolia,Persicaria hydropiperoides
Polygonum hydropiperoides,Persicaria hydropiperoides
Polygonum interior,Polygonum ramosissimum subsp. ramosissimum
Polygonum lapathifolium var. salicifolium,Persicaria lapathifolia
Polygonum lapathifolium,Persicaria lapathifolia
Polygonum latum,Polygonum ramosissimum subsp. ramosissimum
Polygonum leptocarpum,Polygonum ramosissimum subsp. ramosissimum
Polygonum microspermum,Polygonum aviculare subsp. depressum
Polygonum neglectum,Polygonum aviculare subsp. neglectum
Polygonum persicaria,Persicaria maculosa
Polygonum punctatum var. confertiflorum,Persicaria punctata
Polygonum punctatum var. ellipticum,Persicaria punctata
Polygonum punctatum var. leptostachyum,Persicaria punctata
Polygonum punctatum var. parviflorum,Persicaria punctata
Polygonum punctatum,Persicaria punctata
Polygonum puritanorum,Persicaria maculosa
Polygonum rurivagum,Polygonum aviculare subsp. rurivagum,INAT
Polygonum scabrum,Persicaria lapathifolia
Polygonum stevensii,Polygonum ramosissimum subsp. ramosissimum
Polygonum triangulum,Polygonum ramosissimum subsp. ramosissimum
Polypogon semiverticillatus,Polypogon viridis
Pontederia crassipes,Eichhornia crassipes,INAT
Populus balsamifera subsp. trichocarpa,Populus trichocarpa
Populus deltoides var. fremontii,Populus fremontii subsp. fremontii
Populus fremontii var. arizonica,Populus fremontii subsp. fremontii
Populus fremontii var. macdougalii,Populus fremontii subsp. fremontii
Portulaca granulato-stellulata,Portulaca oleracea
Portulaca nitida,Portulaca oleracea
Portulaca oleracea subsp. granulato-stellulata,Portulaca oleracea
Portulaca oleracea subsp. nitida,Portulaca oleracea
Portulaca oleracea subsp. oleracea,Portulaca oleracea
Portulaca oleracea subsp. papillato-stellulata,Portulaca oleracea
Portulaca papillato-stellulata,Portulaca oleracea
Portulaca retusa,Portulaca oleracea
Potamogeton foliosus var. foliosus,Potamogeton foliosus subsp. foliosus
Potamogeton latifolius,Stuckenia striata
Potamogeton pectinatus,Stuckenia pectinata
Potamogeton pusillus subsp. pusillus,Potamogeton pusillus
Potamogeton pusillus var. pusillus,Potamogeton pusillus
Potentilla egedei var. grandis,Potentilla anserina subsp. pacifica
Potentilla elata var. dissita,Horkelia californica var. elata
Potentilla frondosa,Horkelia californica var. frondosa
Potentilla indica,Duchesnea indica var. indica,INAT
Potentilla rivalis var. millegrana,Potentilla rivalis
Prosartes hookeri var. hookeri,Prosartes hookeri
Prosartes hookeri var. trachyandra,Prosartes hookeri
Prunella vulgaris subsp. lanceolata,Prunella vulgaris var. lanceolata
Prunella vulgaris var. atropurpurea,Prunella vulgaris var. lanceolata
Prunella vulgaris var. parviflora,Prunella vulgaris var. vulgaris
Prunus amygdalus,Prunus dulcis,INAT
Pseudognaphalium canescens subsp. beneolens,Pseudognaphalium beneolens
Pseudognaphalium microcephalum var. thermale,Pseudognaphalium thermale
Psilocarphus tenellus var. globiferus,Psilocarphus chilensis
Psilocarphus tenellus var. tenellus,Psilocarphus tenellus
Psilocarphus tenellus var. tenuis,Psilocarphus chilensis
Psoralea californica,Pediomelum californicum
Psoralea hallii var. media,Hoita macrostachya
Psoralea orbicularis,Hoita orbicularis
Psoralea physodes,Rupertia physodes
Psoralea strobilina,Hoita strobilina
Pterostegia diphylla var. biloba,Pterostegia drymarioides
Pterostegia diphylla,Pterostegia drymarioides
Pterostegia microphylla,Pterostegia drymarioides
Puccinellia airoides,Puccinellia nuttalliana
Puccinellia grandis,Puccinellia nutkaensis
Pyracantha crenatoserrata,Pyracantha fortuneana
Pyracantha rogersiana,Pyracantha fortuneana
Quercus agrifolia var. frutescens,Quercus agrifolia var. agrifolia
Quercus chrysolepis var. nana,Quercus chrysolepis
Quercus lobata f. insperata,Quercus lobata
Quercus lobata f. rarita,Quercus lobata
Quercus lobata var. lobata,Quercus lobata
Quercus lobata var. turbinata,Quercus lobata
Quercus lobata var. walteri,Quercus lobata
Ranunculus aquatilis var. capillaceus,Ranunculus aquatilis var. diffusus
Ranunculus aquatilis var. harrisii,Ranunculus aquatilis var. diffusus
Ranunculus aquatilis var. hispidulus,Ranunculus aquatilis var. aquatilis
Ranunculus aquatilis var. longirostris,Ranunculus aquatilis var. diffusus
Ranunculus aquatilis var. subrigidus,Ranunculus aquatilis var. diffusus
Ranunculus circinatus var. subrigidus,Ranunculus aquatilis var. diffusus
Ranunculus longirostris,Ranunculus aquatilis var. diffusus
Ranunculus minimus,Myosurus minimus
Ranunculus occidentalis var. eisenii,Ranunculus occidentalis var. occidentalis
Ranunculus occidentalis var. rattanii,Ranunculus occidentalis var. occidentalis
Ranunculus orthorhynchus var. hallii,Ranunculus orthorhynchus var. orthorhynchus
Ranunculus subrigidus,Ranunculus aquatilis var. diffusus
Ranunculus trichophyllus var. trichophyllus,Ranunculus aquatilis var. diffusus
Ranunculus trichophyllus,Ranunculus aquatilis var. diffusus,INAT
Ravenella exigua,Campanula exigua,INAT
Ravenella griffinii,Campanula griffinii,INAT
Reynoutria japonica,Fallopia japonica,INAT
Rhamnus californica subsp. californica,Frangula californica subsp. californica
Rhamnus californica subsp. tomentella,Frangula californica subsp. tomentella
Rhamnus californica var. tomentella,Frangula californica subsp. tomentella
Rhamnus crocea subsp. ilicifolia,Rhamnus ilicifolia
Rhamnus crocea var. ilicifolia,Rhamnus ilicifolia
Rhamnus tomentella subsp. tomentella,Frangula californica subsp. tomentella
Rhamnus tomentella,Frangula californica subsp. tomentella
Rhus aromatica subsp. trilobata,Rhus aromatica
Rhus aromatica var. simplicifolia,Rhus aromatica
Rhus aromatica var. trilobata,Rhus aromatica
Rhus diversiloba,Toxicodendron diversilobum
Rhus trilobata var. anisophylla,Rhus aromatica
Rhus trilobata var. malacophylla,Rhus aromatica
Rhus trilobata var. quinata,Rhus aromatica
Rhus trilobata var. simplicifolia,Rhus aromatica
Rhus trilobata var. trilobata,Rhus aromatica
Rhus trilobata,Rhus aromatica
Ribes amarum var. hoffmannii,Ribes amarum
Ribes glutinosum,Ribes sanguineum var. glutinosum
Ribes leptanthum var. quercetorum,Ribes quercetorum
Ribes malvaceum var. clementinum,Ribes malvaceum var. malvaceum
Ribes sanguineum var. deductum,Ribes sanguineum var. glutinosum
Ribes sanguineum var. melanocarpum,Ribes sanguineum var. glutinosum
Romanzoffia mendocina,Romanzoffia californica
Romanzoffia spergulina,Romanzoffia californica
Romulea longifolia,Romulea rosea var. australis
Rorippa curvisiliqua var. curvisiliqua,Rorippa curvisiliqua
Rorippa curvisiliqua var. occidentalis,Rorippa curvisiliqua
Rorippa curvisiliqua var. orientalis,Rorippa curvisiliqua
Rorippa curvisiliqua var. procumbens,Rorippa curvisiliqua
Rorippa nasturtium-aquaticum,Nasturtium officinale
Rorippa palustris subsp. fernaldiana,Rorippa palustris subsp. palustris
Rorippa palustris subsp. occidentalis,Rorippa palustris subsp. palustris
Rorippa palustris var. fernaldiana,Rorippa palustris subsp. palustris
Rorippa palustris var. occidentalis,Rorippa palustris subsp. palustris
Rosa eglanteria,Rosa rubiginosa
Rosa spithamea var. sonomensis,Rosa spithamea
Rostraria cristata,Koeleria gerardi
Rottboellia cylindrica,Hainardia cylindrica
Rubacer parviflorum,Rubus parviflorus
Rubus almus,Rubus pensilvanicus
Rubus eastwoodianus,Rubus ursinus
Rubus inermis,Rubus ulmifolius var. anoplothyrsus
Rubus lemurum,Rubus ursinus
Rubus macropetalus,Rubus ursinus
Rubus nutkanus var. bifarius,Rubus parviflorus
Rubus nutkanus var. nuttallii,Rubus parviflorus
Rubus nutkanus var. parviflorus,Rubus parviflorus
Rubus nutkanus var. scopulorum,Rubus parviflorus
Rubus nutkanus,Rubus parviflorus
Rubus parviflorus var. bifarius,Rubus parviflorus
Rubus parviflorus var. hypomalacus,Rubus parviflorus
Rubus parviflorus var. velutinus,Rubus parviflorus
Rubus sirbenus,Rubus ursinus
Rubus titanus,Rubus ursinus
Rubus ulmifolius var. inermis,Rubus ulmifolius var. anoplothyrsus
Rubus ursinus subsp. macropetalus,Rubus ursinus
Rubus ursinus var. eastwoodianus,Rubus ursinus
Rubus ursinus var. macropetalus,Rubus ursinus
Rubus ursinus var. medusae,Rubus ursinus
Rubus ursinus var. pentaphyllus,Rubus ursinus
Rubus ursinus var. sirbenus,Rubus ursinus
Rubus ursinus var. vitifolius,Rubus ursinus
Rubus velutinus,Rubus parviflorus
Rubus vitifolius subsp. ursinus,Rubus ursinus
Rubus vitifolius var. eastwoodianus,Rubus ursinus
Rubus vitifolius var. titanus,Rubus ursinus
Rubus vitifolius,Rubus ursinus
Rumex angiocarpus,Rumex acetosella
Rumex fenestratus,Rumex occidentalis
Rumex obtusifolius subsp. agrestis,Rumex obtusifolius
Rumex salicifolius var. crassus,Rumex crassus
Rumex salicifolius var. denticulatus,Rumex californicus
Rumex salicifolius var. salicifolius,Rumex salicifolius
Rumex salicifolius var. transitorius,Rumex transitorius
Rupalleya volubilis,Dichelostemma volubile
Ruppia occidentalis,Ruppia cirrhosa
Ruppia spiralis,Ruppia cirrhosa
Sagina apetala var. barbata,Sagina apetala
Sagina occidentalis,Sagina decumbens subsp. occidentalis
Sairocarpus multiflorus,Antirrhinum thompsonii,INAT
Sairocarpus vexillocalyculatus subsp. vexillocalyculatus,Antirrhinum vexillocalyculatum subsp. vexillocalyculatum,INAT
Salicornia subterminalis,Arthrocnemum subterminale
Salix bonplandiana var. laevigata,Salix laevigata
Salix coulteri,Salix sitchensis
Salix exigua subsp. melanopsis,Salix melanopsis
Salix gooddingii var. variabilis,Salix gooddingii
Salix hindsiana var. leucodendroides,Salix exigua var. hindsiana
Salix hindsiana var. parishiana,Salix exigua var. hindsiana
Salix hindsiana,Salix exigua var. hindsiana
Salix laevigata f. araquipa,Salix laevigata
Salix laevigata var. congesta,Salix laevigata
Salix lasiandra var. abramsii,Salix lasiandra var. lasiandra
Salix lasiandra var. lancifolia,Salix lasiandra var. lasiandra
Salix lasiandra var. macrophylla,Salix lasiandra var. lasiandra
Salix lasiolepis var. bigelovii,Salix lasiolepis
Salix lasiolepis var. bracelinae,Salix lasiolepis
Salix lasiolepis var. lasiolepis,Salix lasiolepis
Salix lasiolepis var. sandbergii,Salix lasiolepis
Salix lucida subsp. lasiandra,Salix lasiandra var. lasiandra
Salix lutea var. nivaria,Salix lasiolepis
Salix macrostachya var. leucodendroides,Salix exigua var. hindsiana
Salix melanopsis var. bolanderiana,Salix melanopsis
Salix melanopsis var. gracilipes,Salix melanopsis
Salix parksiana,Salix melanopsis
Salix scouleriana var. coetanea,Salix scouleriana
Salpichroa rhomboidea,Salpichroa origanifolia
Salsola iberica,Salsola tragus
Salsola kali var. tenuifolia,Salsola tragus
Salsola pestifer,Salsola tragus
Salvia columbariae var. ziegleri,Salvia columbariae
Sambucus caerulea,Sambucus mexicana
Sambucus cerulea,Sambucus mexicana,INAT
Sambucus microbotrys,Sambucus racemosa var. racemosa
Sambucus nigra subsp. caerulea,Sambucus mexicana
Sambucus racemosa var. microbotrys,Sambucus racemosa var. racemosa
Samolus floribundus,Samolus parviflorus
Samolus valerandi subsp. parviflorus,Samolus parviflorus
Sanguisorba minor subsp. muricata,Poterium sanguisorba
Sanguisorba minor,Poterium sanguisorba,INAT
Santolina suaveolens,Matricaria discoidea
Sarcocornia pacifica,Salicornia pacifica
Satureja douglasii,Clinopodium douglasii
Saviniona assurgentiflora,Malva assurgentiflora
Saviniona clementina,Malva assurgentiflora
Saviniona reticulata,Malva assurgentiflora
Saxifraga californica,Micranthes californica
Schedonorus arundinaceus,Festuca arundinacea
Schedonorus phoenix,Festuca arundinacea
Schmaltzia trilobata,Rhus aromatica
Schoenoplectus fluviatilis,Bolboschoenus fluviatilis
Schoenoplectus pungens var. badius,Schoenoplectus pungens var. longispicatus
Schoenoplectus robustus,Bolboschoenus robustus
Scirpus acutus var. occidentalis,Schoenoplectus acutus var. occidentalis
Scirpus americanus var. longispicatus,Schoenoplectus pungens var. longispicatus
Scirpus americanus,Schoenoplectus americanus
Scirpus californicus,Schoenoplectus californicus
Scirpus cernuus subsp. californicus,Isolepis cernua
Scirpus cernuus var. californicus,Isolepis cernua
Scirpus cernuus,Isolepis cernua
Scirpus fluviatilis,Bolboschoenus fluviatilis
Scirpus koilolepis,Isolepis carinata
Scirpus maritimus var. fluviatilis,Bolboschoenus fluviatilis
Scirpus maritimus var. paludosus,Bolboschoenus maritimus subsp. paludosus
Scirpus microcarpus var. rubrotinctus,Scirpus microcarpus
Scirpus nanus,Eleocharis parvula
Scirpus olneyi,Schoenoplectus americanus
Scirpus pacificus,Bolboschoenus maritimus subsp. paludosus
Scirpus paludosus,Bolboschoenus maritimus subsp. paludosus
Scirpus parvulus,Eleocharis parvula
Scirpus robustus,Bolboschoenus robustus
Scirpus rostellatus,Eleocharis rostellata
Scirpus rubrotinctus,Scirpus microcarpus
Scleropoa rigida,Desmazeria rigida
Scrophularia californica subsp. californica,Scrophularia californica
Scrophularia californica subsp. floribunda,Scrophularia californica
Scrophularia californica var. floribunda,Scrophularia californica
Scutellaria angustifolia var. canescens,Scutellaria siphocampyloides
Scutellaria austiniae,Scutellaria siphocampyloides
Scutellaria linearifolia,Scutellaria siphocampyloides
Scutellaria pilosiuscula,Scutellaria tuberosa
Scutellaria tuberosa subsp. similis,Scutellaria tuberosa
Sedum anomalum,Sedum spathulifolium
Sedum californicum,Sedum spathulifolium
Sedum douglasii subsp. radiatum,Sedum radiatum
Sedum purdyi,Sedum spathulifolium
Sedum spathulifolium subsp. anomalum,Sedum spathulifolium
Sedum spathulifolium subsp. pruinosum,Sedum spathulifolium
Sedum spathulifolium subsp. purdyi,Sedum spathulifolium
Sedum spathulifolium subsp. spathulifolium,Sedum spathulifolium
Sedum spathulifolium subsp. yosemitense,Sedum spathulifolium
Sedum spathulifolium var. majus,Sedum spathulifolium
Sedum spathulifolium var. minus,Sedum spathulifolium
Sedum spathulifolium var. pruinosum,Sedum spathulifolium
Sedum spathulifolium var. spathulifolium,Sedum spathulifolium
Sedum stenopetalum subsp. radiatum,Sedum radiatum
Sedum yosemitense,Sedum spathulifolium
Senecio breweri,Packera breweri
Senecio douglasii var. tularensis,Senecio flaccidus var. douglasii
Senecio douglasii,Senecio flaccidus var. douglasii
Senecio mikanioides,Delairea odorata
Sesuvium humifusum,Cypselea humifusa,INAT
Sesuvium portulacastrum,Trianthema portulacastrum
Setaria glauca,Setaria pumila subsp. pumila
Setaria gracilis,Setaria parviflora
Setaria lutescens,Setaria pumila subsp. pumila
Seubertia laxa,Triteleia laxa
Seubertia obscura,Triteleia laxa
Sida leprosa var. hederacea,Malvella leprosa
Sidalcea delphiniifolia,Sidalcea malviflora subsp. malviflora
Silene californica,Silene laciniata subsp. californica
Silene coronaria,Lychnis coronaria,INAT
Silene verecunda subsp. andersonii,Silene verecunda
Silene verecunda subsp. platyota,Silene verecunda
Silene verecunda subsp. verecunda,Silene verecunda
Silene verecunda var. eglandulosa,Silene verecunda
Silene verecunda var. platyota,Silene verecunda
Silene verecunda var. verecunda,Silene verecunda
Sisyrinchium boreale,Sisyrinchium californicum
Sisyrinchium brachypus,Sisyrinchium californicum
Sisyrinchium eastwoodiae,Sisyrinchium bellum
Sisyrinchium flavidum,Sisyrinchium californicum
Sisyrinchium greenei,Sisyrinchium bellum
Sisyrinchium hesperium,Sisyrinchium bellum
Sisyrinchium lineatum,Sisyrinchium californicum
Sisyrinchium maritimum,Sisyrinchium bellum
Sitanion jubatum,Elymus multisetus
Sixalix atropurpurea,Scabiosa atropurpurea,INAT
Smilacina racemosa var. amplexicaulis,Maianthemum racemosum
Smilacina racemosa var. glabra,Maianthemum racemosum
Smilacina racemosa,Maianthemum racemosum
Smilacina stellata var. sessilifolia,Maianthemum stellatum
Smilacina stellata,Maianthemum stellatum
Solanum nodiflorum,Solanum americanum
Solanum tenuilobatum,Solanum xanti
Solanum umbelliferum var. glabrescens,Solanum umbelliferum
Solanum umbelliferum var. incanum,Solanum umbelliferum
Solanum xanti var. hoffmannii,Solanum xanti
Solanum xanti var. intermedium,Solanum xanti
Solanum xanti var. montanum,Solanum xanti
Solanum xanti var. obispoense,Solanum xanti
Solidago californica,Solidago velutina subsp. californica
Solidago canadensis subsp. elongata,Solidago elongata
Solidago canadensis var. elongata,Solidago elongata
Solidago occidentalis,Euthamia occidentalis
Soliva daucifolia,Soliva sessilis
Soliva pterosperma,Soliva sessilis
Sorghum lanceolatum,Sorghum bicolor
Sorghum sudanense,Sorghum bicolor
Sorghum virgatum,Sorghum bicolor
Sparganium erectum subsp. stoloniferum,Sparganium eurycarpum var. greenei
Sparganium eurycarpum subsp. eurycarpum,Sparganium eurycarpum var. eurycarpum
Sparganium greenei,Sparganium eurycarpum var. greenei
Spergularia bocconei,Spergularia bocconi,INAT
Spergularia marina var. tenuis,Spergularia marina
Spergularia maritima,Spergularia media var. media
Spergularia salina,Spergularia marina
Spirodela oligorrhiza,Landoltia punctata
Spirodela punctata,Landoltia punctata
Sporobolus alterniflorus,Spartina alterniflora,INAT
Sporobolus creber,Sporobolus indicus
Sporobolus foliosus,Spartina foliosa,INAT
Sporobolus indicus var. creber,Sporobolus indicus
Sporobolus montevidensis,Spartina densiflora,INAT
Sporobolus niliacus,Crypsis vaginiflora,INAT
Sporobolus pumilus,Spartina patens,INAT
Sporobolus schoenoides,Crypsis schoenoides,INAT
Stachys ajugoides var. cymosa,Stachys pycnantha
Stachys ajugoides var. quercetorum,Stachys rigida var. quercetorum
Stachys ajugoides var. rigida,Stachys rigida var. rigida
Stachys albens var. juliensis,Stachys albens
Stachys gracilenta,Stachys rigida var. quercetorum
Stachys lanuginosa,Stachys albens
Stachys malacophylla,Stachys albens
Stachys quercetorum,Stachys rigida var. quercetorum
Stachys ramosa,Stachys ajugoides
Stachys rigida subsp. quercetorum,Stachys rigida var. quercetorum
Stachys rigida subsp. rivularis,Stachys rigida var. rigida
Stachys velutina,Stachys albens
Stachys veronicifolia,Stachys rigida var. rigida
Stachys viarum,Stachys rigida var. quercetorum
Stellaria apetala,Stellaria pallida,INAT
Stellaria media subsp. pallida,Stellaria pallida
Streptanthus albidus subsp. peramoenus,Streptanthus glandulosus subsp. glandulosus
Streptanthus breweri var. breweri,Streptanthus breweri
Streptanthus coulteri var. lemmonii,Caulanthus lemmonii
Streptanthus flavescens,Caulanthus flavescens
Streptanthus glandulosus subsp. arkii,Streptanthus glandulosus subsp. glandulosus
Streptanthus glandulosus subsp. glandulosus,Streptanthus albidus subsp. peramoenus,INAT
Streptanthus glandulosus subsp. raichei,Streptanthus glandulosus subsp. glandulosus
Streptanthus lemmonii,Caulanthus lemmonii
Stropholirion californicum,Dichelostemma volubile
Stylocline filaginea var. depressa,Ancistrocarphus filagineus
Stylocline filaginea,Ancistrocarphus filagineus
Stylomecon heterophylla,Papaver heterophyllum
Suaeda moquinii,Suaeda nigra
Suaeda torreyana var. ramosissima,Suaeda nigra
Suaeda torreyana var. torreyana,Suaeda nigra
Symphoricarpos acutus,Symphoricarpos mollis
Symphoricarpos hesperius,Symphoricarpos mollis
Symphoricarpos rivularis,Symphoricarpos albus var. laevigatus
Symphyotrichum chilense var. chilense,Symphyotrichum chilense
Symphyotrichum chilense var. invenustum,Symphyotrichum chilense
Symphyotrichum chilense var. medium,Symphyotrichum chilense
Symphyotrichum expansum,Symphyotrichum subulatum var. parviflorum,INAT
Symphyotrichum lanceolatum subsp. hesperium,Symphyotrichum lanceolatum var. hesperium
Taeniatherum asperum,Elymus caput-medusae
Taeniatherum caput-medusae,Elymus caput-medusae,INAT
Tamarix pentandra,Tamarix ramosissima
Taraxacum laevigatum var. erythrospermum,Taraxacum erythrospermum
Taraxacum laevigatum,Taraxacum officinale
Taraxacum officinale var. erythrospermum,Taraxacum erythrospermum
Tetragonia expansa,Tetragonia tetragonoides
Teutliopsis patula,Atriplex patula
Thalictrum polycarpum,Thalictrum fendleri var. polycarpum
Thelypodium flavescens,Caulanthus flavescens
Thelypodium lasiophyllum var. inalienum,Caulanthus lasiophyllus
Thelypodium lasiophyllum var. lasiophyllum,Caulanthus lasiophyllus
Thelypodium lasiophyllum var. rigidum,Caulanthus lasiophyllus
Thelypodium lasiophyllum var. utahense,Caulanthus lasiophyllus
Thelypodium lasiophyllum,Caulanthus lasiophyllus
Thinopyrum intermedium subsp. barbulatum,Elymus hispidus
Thinopyrum intermedium,Elymus hispidus,INAT
Thinopyrum obtusiflorum,Elymus ponticus,INAT
Thinopyrum ponticum,Elymus ponticus
Thysanocarpus laciniatus var. laciniatus,Thysanocarpus laciniatus
Thysanocarpus pusillus,Athysanus pusillus
Thysanocarpus radians var. montanus,Thysanocarpus radians
Tillaea aquatica,Crassula aquatica
Tillaea erecta,Crassula connata
Tillaea muscosa,Crassula tillaea
Tiniaria japonica,Fallopia japonica
Tomostima cuneifolia,Draba cuneifolia,INAT
Torilis arvensis subsp. purpurea,Torilis arvensis
Toxicodendron trilobatum,Rhus aromatica
Trientalis borealis subsp. latifolia,Lysimachia latifolia
Trientalis latifolia,Lysimachia latifolia
Trifolium albopurpureum var. albopurpureum,Trifolium albopurpureum
Trifolium albopurpureum var. dichotomum,Trifolium dichotomum
Trifolium albopurpureum var. olivaceum,Trifolium columbinum
Trifolium amplectens var. hydrophilum,Trifolium hydrophilum
Trifolium amplectens var. truncatum,Trifolium depauperatum var. truncatum
Trifolium appendiculatum var. appendiculatum,Trifolium variegatum var. major
Trifolium appendiculatum var. rostratum,Trifolium variegatum var. variegatum
Trifolium barbigerum var. andrewsii,Trifolium grayi
Trifolium barbigerum var. barbigerum,Trifolium barbigerum
Trifolium depauperatum var. hydrophilum,Trifolium hydrophilum
Trifolium fucatum var. gambelii,Trifolium fucatum
Trifolium fucatum var. virescens,Trifolium fucatum
Trifolium geminiflorum,Trifolium variegatum var. geminiflorum
Trifolium gracilentum var. gracilentum,Trifolium gracilentum
Trifolium gracilentum var. inconspicuum,Trifolium gracilentum
Trifolium microdon var. pilosum,Trifolium microdon
Trifolium minutissimum,Trifolium barbigerum
Trifolium olivaceum,Trifolium columbinum,INAT
Trifolium pauciflorum,Trifolium variegatum var. variegatum
Trifolium procumbens,Trifolium campestre
Trifolium tomentosum var. tomentosum,Trifolium tomentosum
Trifolium tridentatum var. aciculare,Trifolium willdenovii
Trifolium tridentatum,Trifolium willdenovii
Trifolium variegatum var. melananthum,Trifolium variegatum var. major
Trifolium variegatum var. trilobatum,Trifolium variegatum var. variegatum
Trillium chloropetalum var. giganteum,Trillium chloropetalum
Trisetum cernuum var. canescens,Trisetum canescens
Triteleia angustiflora,Triteleia laxa
Triteleia candida,Triteleia laxa
Triteleia lactea,Triteleia hyacinthina
Tropidocarpum gracile var. dubium,Tropidocarpum gracile
Ulmus carpinifolia,Ulmus minor
Ulmus procera,Ulmus minor
Umbellularia californica var. fresnensis,Umbellularia californica
Urtica gracilis subsp. holosericea,Urtica dioica subsp. holosericea,INAT
Urtica holosericea,Urtica dioica subsp. holosericea
Vaccinium ovatum var. saporosum,Vaccinium ovatum
Vancouveria parviflora,Vancouveria planipetala
Veatchia crystallina,Triteleia hyacinthina
Velezia rigida,Dianthus nudiflorus
Verbena abramsii,Verbena lasiostachys var. lasiostachys
Verbena brasiliensis,Verbena litoralis
Verbena hastata var. scabra,Verbena hastata
Verbena litoralis var. brasiliensis,Verbena litoralis
Verbena robusta,Verbena lasiostachys var. scabrida
Verbesina encelioides var. exauriculata,Verbesina encelioides subsp. exauriculata
Veronica comosa,Veronica catenata
Vicia americana subsp. oregana,Vicia americana subsp. americana
Vicia americana var. americana,Vicia americana subsp. americana
Vicia americana var. linearis,Vicia americana subsp. americana
Vicia americana var. truncata,Vicia americana subsp. americana
Vicia angustifolia,Vicia sativa subsp. nigra
Vicia californica,Vicia americana subsp. americana
Vicia dasycarpa,Vicia villosa subsp. varia
Vicia exigua var. hassei,Vicia hassei
Vicia nigricans var. gigantea,Vicia gigantea
Viola adunca subsp. ashtoniae,Viola adunca subsp. adunca
Viola adunca subsp. oxyceras,Viola adunca subsp. adunca
Viola adunca var. adunca,Viola adunca subsp. adunca
Viola adunca var. cascadensis,Viola adunca subsp. adunca
Viola adunca var. kirkii,Viola adunca subsp. adunca
Viola adunca var. uncinulata,Viola adunca subsp. adunca
Viola californica,Viola glabella
Viola cascadensis,Viola adunca subsp. adunca
Viola kelloggii,Viola purpurea subsp. purpurea
Viola pedunculata subsp. pedunculata,Viola pedunculata
Viola pedunculata subsp. tenuifolia,Viola pedunculata
Viola quercetorum,Viola purpurea subsp. quercetorum
Viola sempervirens subsp. orbiculoides,Viola sempervirens
Viola sheltonii var. biternata,Viola sheltonii
Viola uncinulata,Viola adunca subsp. adunca
Vulpia bromoides,Festuca bromoides
Vulpia microstachys var. ciliata,Festuca microstachys
Vulpia microstachys var. confusa,Festuca microstachys
Vulpia microstachys var. microstachys,Festuca microstachys
Vulpia microstachys var. pauciflora,Festuca microstachys
Vulpia myuros f. myuros,Festuca myuros
Vulpia myuros var. hirsuta,Festuca myuros
Vulpia myuros var. myuros,Festuca myuros
Vulpia octoflora var. hirtella,Festuca octoflora
Vulpia octoflora,Festuca octoflora
Woodwardia chamissoi,Woodwardia fimbriata
Xanthium strumarium var. canadense,Xanthium strumarium
Xanthium strumarium var. glabratum,Xanthium strumarium
Xerobotrys glaucus,Arctostaphylos glauca
Zauschneria californica subsp. californica,Epilobium canum subsp. canum
Zauschneria cana,Epilobium canum subsp. canum
Zigadenus fremontii var. inezianus,Toxicoscordion fremontii
Zigadenus fremontii var. minor,Toxicoscordion fremontii
Zigadenus fremontii var. salsus,Toxicoscordion fremontii
Zigadenus fremontii,Toxicoscordion fremontii
Zigadenus venenosus var. venenosus,Toxicoscordion venenosum var. venenosum
Zostera marina var. latifolia,Zostera marina
